Year,Month,SnowDepth,TempAir,TempSurf,Temp100cm
2004,11,0.21,-17.14,-3.39,-2.23
2003,8,NaN,4.21,3.36,-1.71
2009,4,0.57,-15.72,-14.3,-13.66
2012,12,NaN,-23.81,-8.91,-0.12
2015,10,0.05,-5.78,-1.16,-1.45
2002,1,0.18,-25.98,-14.31,-10.75
2007,11,0.13,-13.97,-5.24,-2.28
2007,12,0.16,-20,-10.02,-5.64
2010,7,0,12.81,9.83,-0.1
2012,9,0,6.99,4.95,-0.35
2007,3,0,NaN,-23.61,-18.53
2008,4,0.11,-9.85,-11.4,-13.51
2007,3,NaN,NaN,-27.22,-14.61
2009,7,NaN,10.37,NaN,-1.75
2011,6,0,NaN,1.01,-4.44
2015,2,NaN,-22.17,-17.34,-13.16
2014,9,0,1.02,0.6,-1.77
2011,12,0.31,-25.35,-9.74,-4.58
2006,4,0.47,-11.07,-8.22,-7.37
2016,4,NaN,4.29,0.95,-0.93
2013,5,0,5.67,1.81,-0.25
2008,8,0,NaN,2.85,-2.12
2015,5,0,11.54,6.06,-0.14
2015,6,NaN,14.23,9.52,-0.14
2015,3,0.18,-25.44,-17.07,-13.24
2014,7,NaN,8.76,5.44,-1.67
2000,2,NaN,-23.57,-12.9,-10.1
2005,3,0.66,-22.83,-13.21,-10.19
2012,6,0,16.02,11.97,-0.06
2010,9,NaN,4.07,3.59,-0.97
2009,10,0.11,-5.3,-1.34,-0.83
2005,3,0.37,-22.62,-14.42,-11.45
1999,1,NaN,-30.4,-17.95,-11.1
2013,9,0.07,-0.29,0.97,-0.81
2010,1,NaN,-25.52,-12.62,-0.55
2013,4,0.34,-19.13,-16.55,-15.07
2009,4,NaN,NaN,-15.79,-14.63
2012,9,0.02,2.24,2.25,0.71
2015,5,0.25,0.61,-3.49,-7.11
2012,2,0.32,-25.52,-13.25,-10.27
2005,6,NaN,5.52,4.28,-2.57
2016,1,NaN,-17.98,-0.34,-0.1
2002,9,0.06,2.49,0.93,-1.1
2014,10,NaN,-5.94,-1.3,-0.07
2012,2,NaN,-11.94,-3.02,-0.21
2006,4,0.3,-20.74,-17.43,-15.23
2012,2,0.35,-13.8,-3.74,-1.68
2013,8,NaN,8,3.97,-1.56
2013,4,0.22,-12.37,-9.6,-7.91
2003,6,NaN,NaN,0.32,-4.93
2002,12,0.09,-17.75,-10,-5.46
2015,10,NaN,-2.01,-0.2,-0.65
1999,3,NaN,-27.14,-13.81,-10.51
2009,12,0.21,-19.85,-14.37,-8.33
2007,11,0.33,-6.53,NaN,1.15
2002,9,0.15,4.59,1.96,-1.21
2015,2,NaN,-15.11,-4.25,-1.08
2004,6,NaN,6.04,0.62,-5.04
2003,5,0.22,-5.26,-8.27,-10.43
2005,4,0.11,-16.83,-14.94,-13.69
2010,8,NaN,7.38,4.42,-2.67
2005,1,0.17,-24.25,-13.12,-9.07
2005,1,0.4,-21.27,-5.53,-2.91
2014,8,NaN,6.71,3.25,-1.31
2014,5,0.16,-1.33,-1.87,-5.61
2011,1,0.45,-22.45,-9.11,-5.29
2015,3,NaN,-8.35,-3.01,-1.43
2006,11,0.1,-21.57,-8.8,-0.34
2011,1,0.35,-24.5,-15.35,-9.63
2004,12,0.18,-23.69,-11.79,-7.82
2007,9,0.04,2.53,1.83,-1.95
2012,3,0.48,-35.22,-14.9,-11.93
2010,9,NaN,4.14,2.87,-0.66
2008,8,0,4.94,6.88,0.04
2013,4,0.35,-19.51,-14.08,-12.74
2000,2,0.17,-26.14,-14.59,-12.44
2012,7,NaN,10.82,6.57,-2.59
2007,1,0.08,-24.83,NaN,-10.78
2004,5,0.43,-2.35,-5.44,-8.54
2008,8,0,10.12,5.78,-0.94
2012,2,0.45,-7.11,-6.01,-0.54
2008,1,NaN,-22.83,-3.85,0.11
2013,4,0.53,-18.87,-13,-11.03
2009,12,NaN,NaN,-3.13,-0.44
2013,6,0,17.36,8.81,-0.2
2007,9,0,NaN,5.07,0.23
2007,8,NaN,7.09,4.83,-2.78
2014,7,0,5.21,3.49,-2.62
2009,10,NaN,-3.19,-0.99,-0.65
2009,10,0.01,-3.46,-3.34,0.18
1999,12,NaN,-30.97,-15.26,-8.09
2013,6,0,13.29,9.49,-3.27
1999,10,0.07,-10.35,-1.04,-0.04
2007,7,NaN,8.92,6.37,-2.44
2003,4,NaN,NaN,-15.33,-15.83
2012,9,0.02,1.27,1.43,-0.96
2007,12,0.09,-19.88,NaN,-5.81
1998,11,0.09,-12.35,-3.82,-2.17
1999,11,NaN,-21.57,-4.49,-1.35
2013,11,NaN,-16.04,-2.53,-0.23
2009,9,0,6.48,4.05,-0.77
2012,7,0,12.83,10.51,-0.57
2014,8,0,NaN,5.97,-1.24
2009,7,0,17.82,15.76,-0.59
2014,12,0.3,-23.42,-11.46,-5.61
2002,1,0.48,-27.11,-9.7,-6.57
2007,9,0.05,2.26,1.67,-1.01
2015,2,NaN,-19.14,-7.74,-3.43
2005,2,0.37,-23.74,-17.14,-13
2014,10,0.15,-5.91,-0.17,-0.83
2014,8,NaN,3.64,3.2,-1.97
2009,8,0,11.06,9.65,-0.47
2007,7,NaN,15.13,NaN,-1.24
2006,2,0.26,-15.52,-14.89,-12.04
2014,7,NaN,7.24,3.03,-2.02
2011,10,0.02,-5.96,-2.35,-0.71
2004,11,0.57,-17.7,-0.9,-0.74
1999,10,0.13,-9.97,-1.57,-0.63
2013,1,0.24,-26.53,-17.42,-12.07
2014,11,0,-6.13,-2.97,-0.27
2008,2,NaN,-22.71,-15.73,-9.86
2011,5,0,9.67,5.63,-0.26
2003,6,NaN,5.29,NaN,-4.02
2014,1,0.25,-22.33,-12.39,-8.18
2010,9,0.04,3.06,2.44,-1
2012,8,0,10.89,8.9,-0.45
2014,11,NaN,NaN,NaN,-0.11
1999,1,NaN,-28.64,-8.02,-3.43
2004,2,0.25,-34.43,-18.27,-14.16
2002,3,NaN,NaN,-11.83,-10.39
2011,11,NaN,-23.51,-1.04,-0.11
1999,10,0.07,-9.05,-0.39,-1.2
1999,9,NaN,1.32,1.77,-0.7
2010,3,0.32,-25.51,-18.49,-14.9
2014,4,0.55,-12.76,-9.8,-8.62
2006,7,NaN,8.21,4.84,-2.51
2007,3,0.05,-28.39,-20.25,-14.76
2007,9,NaN,3.1,2.16,-0.81
2008,5,0,8.54,2.68,-3.21
2011,5,0.46,-3.97,-6.52,-9.56
2014,3,NaN,-9.46,-3.77,-0.22
2013,3,NaN,-15.42,-10.52,-8.56
2011,3,NaN,-22.44,-16.99,-13.45
2005,8,0.02,8.93,9.85,0.63
2007,9,0.05,3.31,1.5,-1.29
2005,4,0.4,-7.94,-6.93,-6.1
2011,6,0,14.76,10.27,-0.76
2012,1,0.39,-31.77,-15.03,-10.04
2011,11,0.19,-19.61,-5.45,-1.71
2015,2,NaN,-17.62,-7.98,-0.39
2000,9,0.15,-0.75,0.76,-1.21
2009,6,0,14.21,8.51,-1.97
2010,8,0,13.34,12.21,0.75
2011,11,NaN,-23.46,NaN,-0.04
2013,3,0.33,-23.7,-18.17,-15.62
2003,11,0.34,-16.62,-1.27,-1.06
2015,6,NaN,28.04,6.36,-1.75
1998,10,0.03,-6.09,-5.04,-0.48
2011,11,0.08,-20.91,-6.63,-0.86
2005,12,0.18,-23.84,-6.48,-2.58
2013,8,NaN,7.8,7.32,1.58
2009,3,0.31,-31.68,-18.09,-13.58
2012,4,0.5,-17.13,-12.9,-12.04
2009,11,0.15,-20.07,-3.95,-2.22
2010,1,NaN,NaN,NaN,-6.41
2011,2,0.37,-21.15,-11.7,-8.56
2010,5,0.2,-5.45,NaN,-8.91
2014,5,0.12,-1.31,-2.84,-6.53
2008,10,0.14,-6.18,-0.59,-1.69
2008,9,NaN,0.45,0.84,-0.74
2006,10,0.05,-4.46,-0.37,-1.01
2006,11,0.05,-18.44,-5.53,-0.08
2014,10,NaN,-5.23,-1.93,-0.11
1999,4,NaN,-17.86,-12.41,-10.44
2013,7,0,17.17,12.74,0.98
2008,7,NaN,10.94,8.25,-1.71
2003,4,0.42,-11.04,-11.54,-11.24
1998,12,0.21,-20.64,-10.41,-4.1
2010,5,0,11.21,NaN,-1.29
2012,9,0,5.05,3.75,-0.88
2001,11,NaN,NaN,-3.08,-1.37
2010,3,0.29,-10.2,NaN,-3.74
2008,4,0.28,-8.05,NaN,-10.46
2013,8,NaN,6.21,3.45,-2.5
1999,4,NaN,-19.44,-16.86,-15.34
2005,12,0.15,-7.49,-7.07,-1.86
2011,6,NaN,5.62,2.23,-3.49
2006,11,0.08,-16.05,-8.26,-3.08
2005,9,0.02,1.48,1.15,-1.27
2010,4,0.27,-12.29,-12.9,-12.58
2005,9,NaN,2.45,0.77,-2.39
2011,6,NaN,1.82,0.14,-4.94
2007,3,0.08,-26.15,NaN,-16.32
2015,7,NaN,9.6,3.88,-1.82
2007,10,0.06,-10.81,-1.93,-1.12
2002,8,NaN,5.25,5.05,0.81
2009,8,0,10.55,9.65,0.01
2012,12,NaN,-27.56,-8.97,-0.31
1998,11,NaN,-11.33,-3.41,-1.93
2011,8,0,12.43,10.13,0.41
2010,9,0,7.24,6.46,4.66
2012,9,NaN,1.65,1.55,-1
2013,2,0.5,-16.68,-4.94,-0.25
2011,5,0,11.18,5.83,-0.16
2005,10,0.07,-9.4,-0.91,-1.16
2001,1,0.19,-25.35,-15.67,-11.44
2009,2,0.39,-24.39,-13.63,-9.41
2009,8,0,10.66,10.4,-0.44
2014,3,0.32,-23.15,-12.02,-9.64
2014,10,NaN,-5.4,-0.63,0.52
2005,12,0.15,-20.77,-11.98,-8.89
2015,1,0.06,-24.33,-18.21,-10.82
2013,4,0.34,-17.85,-15.67,-14.4
2012,2,NaN,-15.89,NaN,-3.27
2014,7,0,9.31,10.26,-1.11
2014,1,NaN,-14.04,-4.71,-0.32
2012,5,0.46,-5.85,-7.8,-10.26
2003,4,0.18,-10.95,-12.92,-12.92
2006,5,0.2,-1.62,NaN,-11.28
2003,11,0.15,-18.57,-4.58,-2.47
2009,2,0.19,-13.37,-10.04,-5.12
2007,8,NaN,9.12,6.58,-1.17
2013,11,NaN,-15.93,-1.44,-0.14
2015,1,0.51,-22.17,-2.86,-0.7
2014,9,NaN,1.33,0.5,-2.07
2004,6,NaN,6.09,2.57,-4.75
2015,7,NaN,14.39,11.89,-0.51
2013,9,NaN,-0.27,0.63,-2.1
2011,9,0,6.53,4.44,-0.31
2010,2,0.21,-24.82,NaN,-12.01
2009,5,0,9.39,7.97,-1.16
2007,10,0.05,-11.16,NaN,-0.39
2008,4,0.17,-12.77,NaN,-11.82
2014,12,0.18,-22.61,-11.87,-6.11
2000,8,NaN,5.08,3.18,-1.93
2009,7,0,11.48,14.05,-0.01
2011,9,NaN,2.44,2.04,-0.91
2006,3,0.24,-27.77,NaN,-16.11
2008,3,0.12,-25.74,-21.3,-15.29
2000,12,0.08,-22.54,-7.59,-3.72
2015,2,0.29,-21.53,-14.78,-10.88
2005,4,0.23,-17.09,-15.73,-14.52
2006,3,0.12,-29.94,-16.92,-12.62
2007,2,NaN,-23.71,-7.65,-3.77
2014,12,NaN,-12.81,-6.87,0.4
2011,3,0.47,-11.82,-6.59,-1.29
2013,7,0,16.48,12.72,-0.6
2011,9,0,NaN,2.62,-1.65
2000,1,NaN,-24.7,-13.95,-9.51
2007,2,0.1,-25.4,-21.88,-15.95
2003,10,0.05,-3.37,-0.26,-1.83
2010,9,NaN,4.09,3.04,-1
2007,6,NaN,8.74,NaN,-2.31
2013,5,0,6.58,1.52,-0.42
2011,1,NaN,-19.59,-3.64,-0.05
2003,2,0.09,-28.05,-16.4,-12.11
2007,11,NaN,-12.97,-3.66,0.1
2011,5,0,10.35,5.94,-0.48
2009,5,0.21,-0.6,-1.58,-6.28
2010,1,NaN,-22.89,-3.34,-0.27
2005,5,0.24,-5.35,-8.17,-11.48
2008,10,NaN,-10.8,-1.46,-0.63
2000,3,0.36,-26.33,-21.98,-17.61
2003,5,0.15,-4.22,-4.73,-8.41
2008,12,0.21,-17.84,-13.17,-7.67
2015,2,0.29,-21.89,-13.88,-11.46
2010,6,NaN,5.33,NaN,-3.77
2003,8,NaN,2.86,2.18,-2.24
2007,1,0.16,-26.95,-17.56,-11.7
2014,6,0,13.41,9.17,-0.6
2013,10,0,-5.24,1.46,-0.61
2013,5,0,6.1,1.47,-1.26
2013,11,0.2,-14.88,-6.5,1.39
2008,12,0.63,-14.8,NaN,0.71
2000,11,0.2,-19.06,-6.05,-2.58
2006,4,NaN,NaN,-14.03,-12.22
2013,7,NaN,12.11,7.09,-2.05
2008,9,0,5.01,5.09,0.15
2001,4,0.43,-16.24,-13.44,-12.17
2011,7,0,10.08,NaN,5.12
2008,7,NaN,11.83,5.13,-2.31
2011,7,0,15.55,12.38,-0.02
2010,9,0,5.72,4.43,2.53
2014,11,0.11,-15.58,-2.3,-0.06
2010,12,0.23,-25.64,-6.08,-2.94
2014,6,NaN,6.38,0.73,-2.82
2006,7,NaN,9.18,6.45,-2.19
2013,2,0.38,-19.29,-2.51,-1.26
2015,2,NaN,NaN,NaN,-0.11
2016,4,NaN,-2.99,-3.73,-5.64
1999,12,NaN,-32.26,-9.92,-4.15
2003,3,0.61,-23.39,-9.67,-7.59
2001,9,0,NaN,2.95,-1.23
2012,9,0.03,2.22,1.26,-1.17
2001,5,0.13,-9.43,-10.53,-11.2
2001,8,NaN,5.34,4.25,-1.24
2007,11,0.06,-12.41,-8.66,-2.01
2010,1,0.22,-28.15,-21.23,-13.06
2007,7,NaN,7.24,4.65,-3.67
2014,3,0.25,-20.64,-15.31,-12.62
2007,3,0.2,-28.33,-23.08,-18.3
2014,2,NaN,-19.3,-2.55,-0.06
2007,7,NaN,11,7.54,-2.17
2007,10,0.09,-10.13,-7.84,-0.76
2003,11,0.04,-17.7,-11.76,-5.77
2013,8,0,3.37,3.77,-1.83
2008,7,0,14.62,13.74,-0.21
2005,3,0.2,-22.83,-17.22,-14.97
2007,3,NaN,-27.22,-25.52,-14.52
1998,9,NaN,3.91,1.69,-1.07
2001,8,NaN,5.63,2.49,-1.6
2010,12,NaN,-28.53,-11.7,-0.32
2006,3,0.26,-29.97,-18.36,-14.57
2000,7,NaN,NaN,8.84,-0.51
2015,7,NaN,15.78,12.34,-0.31
2013,4,NaN,-6.94,-2.91,-1.02
2005,3,0.07,-23.74,-17.32,-14.19
2006,3,0.54,-27.34,-14.19,-10.29
2005,11,0.08,-20.66,-8.22,-2.2
2013,8,0,12.92,7.72,-0.28
2011,1,0.39,-12.36,NaN,-1.32
2010,10,NaN,-2.87,-1.36,0.23
2013,10,0.14,-3.98,-0.45,-1.54
2009,8,NaN,NaN,NaN,-0.6
2009,12,0.04,-6.74,-8.95,-2.72
2002,6,NaN,4.7,2.15,-3.48
2006,6,NaN,NaN,NaN,-3.7
2012,7,0,15.13,10.55,-0.39
2013,12,0.24,-21.04,-7.82,-3.9
2011,6,0,15.2,11.64,-0.11
2008,11,0.16,-10.96,-4.2,-0.04
2006,4,0.43,-20.4,-12.51,-10.61
2015,2,NaN,-15.85,-10.83,-1.02
2009,9,NaN,1.23,2.24,1.08
2001,9,NaN,1.57,1.52,-1.5
2009,4,NaN,-1.88,-3.27,-3.55
2015,3,0.21,-22.27,-14.63,-12.12
2006,7,0,10.66,12.45,-0.44
2009,3,0.24,-29.27,-18.74,-14.96
2013,12,0.33,-21.24,-3.26,-1.14
2011,11,NaN,-19,-4.01,-0.28
2014,12,0.24,-22.93,-9.66,-5.98
2010,12,0.35,-23.86,-2.72,-0.92
2002,3,0.18,-17.63,-17.58,-16.41
2007,11,0.09,-12.08,-5.12,-3.42
2010,6,NaN,3.72,1.1,-4.41
2003,5,NaN,-4.78,-6.91,-9.15
2013,5,0,5.39,2.25,-0.77
2001,11,0.15,-19.08,-7.42,-4.53
2008,8,NaN,4.37,NaN,-1.17
2003,10,0.07,-4.27,-0.09,-1.26
2000,11,0.13,-16.58,-5.43,-3.86
2007,1,0.26,-27.01,-12.13,-7.11
2014,6,NaN,3.39,0.58,-3.07
2002,6,NaN,6.7,1.86,-3.26
2000,6,NaN,8.83,1.95,-5.51
2005,8,NaN,6.97,4.4,-1.79
2009,6,NaN,8.21,1.81,-3.15
2013,7,NaN,10.18,4.28,-2.44
2013,10,0,1.44,0.44,0.12
2011,10,NaN,-4.14,-0.49,-0.7
2016,4,NaN,4.51,1.36,-0.36
2012,11,NaN,-22.37,-3.38,-0.02
2010,1,0.11,-28.76,-17.66,-10.48
2010,5,0,8.72,6.25,-0.84
2000,12,0.11,-21.22,-10.55,-7.82
2014,11,0.07,-13.22,-4.26,-0.72
2015,11,NaN,-11.5,-0.51,0.04
2015,12,NaN,-19.9,-1.87,-0.04
2009,4,0.4,-12.05,NaN,-14.09
2016,2,0.2,-20.11,-15.11,-11.98
2015,5,0.12,-2.29,-4.46,-8.69
1998,10,0.05,-5.65,-0.43,-1.12
2001,3,0.25,-28.46,-17.92,-14.19
2015,10,0,-1.5,-0.54,-0.48
2004,6,NaN,9.91,8.54,-1.79
2005,12,0.33,-21.24,-10.27,-6.03
2014,2,0,-14.29,-7.36,-1.5
2014,2,0.22,-22.56,-14.53,-11.28
2013,2,0.16,-24.27,-11.66,-7
2008,11,0.34,-16.85,NaN,-0.73
2011,6,0,14.28,9.48,-0.23
2013,8,NaN,4.36,4.41,-1.99
2014,1,NaN,-15.03,-1.94,-0.1
2006,1,0.25,-26.2,-15.73,-10.99
2004,2,0.38,-33.08,-19.48,-14.16
2009,10,0,-1.26,0.42,0.52
2002,2,NaN,NaN,-10.88,-7.49
1999,2,NaN,-26.59,-12.13,-7.63
2012,1,0.27,-32.71,-14.05,-10.34
2006,10,0.05,-3.74,-2.11,-0.05
2010,2,0.14,-23.87,-17.88,-14.97
2001,5,NaN,NaN,-10.36,-11.3
2010,2,NaN,-17.31,-6.81,-3.33
2013,1,0.2,-25.45,-16.63,-10.55
2013,11,NaN,-16.32,-5.58,-0.33
2005,8,NaN,7.49,7.66,-1.03
2007,5,0,9.24,6.07,-0.4
2014,1,0.25,-23.12,-15.03,-9.66
2013,11,0.3,-15.58,-0.7,-0.94
2014,4,NaN,NaN,NaN,-0.07
2005,8,NaN,9.07,5.44,-1.6
2011,7,NaN,10.47,7.32,-1.69
2014,1,0.32,-17.02,-16.77,-10.64
2008,10,0.17,-7.84,-0.1,-1.22
2001,8,NaN,6.91,5.88,0.27
2015,12,NaN,-20.29,0.14,-0.09
2014,12,0.42,-24.22,-1.35,-0.55
2001,2,0.18,-17.78,-16.79,-13.98
2006,3,0.25,-29.12,-16.03,-13.12
2012,1,0.09,-29.31,-17.88,-12.3
2007,2,0.33,-23.72,-11.08,-7.88
2015,10,0,-0.13,-0.43,-0.3
2005,4,0.73,-16.9,-12.97,-10.84
2010,5,NaN,NaN,NaN,-3.1
2011,6,NaN,1.58,0.78,-4.85
2009,7,NaN,9.44,4.18,-2.3
2000,6,NaN,5.61,-0.01,-7.16
2014,6,0,13.75,10.84,-0.01
2008,6,NaN,8.71,NaN,-3.78
2013,2,0.24,-31.41,-21.23,-15.51
2006,12,0,NaN,-14.2,-8.75
2014,12,NaN,-15.07,-6.12,-1.84
2009,11,0.06,-19.52,NaN,-0.29
2013,4,NaN,-5.71,-3.4,-1.67
2008,2,NaN,-22.6,-2.9,-0.12
2011,11,0.07,-22.87,-2.75,-0.31
2003,9,0.05,-1.39,0.27,-0.95
2006,3,0.29,-28.5,-18.41,-14.26
2010,6,NaN,1.22,-0.08,-6.09
2014,7,0,14.91,11.06,0.44
2010,5,NaN,-5.94,-6.11,-7.77
2015,11,NaN,-13.29,-1.4,-0.04
2010,12,NaN,-29.21,-3.39,0.01
2007,10,NaN,-7.37,-3.35,0.1
2001,8,NaN,5.2,2.37,-1.9
2006,5,0.28,-3.45,-8.46,-12.19
2013,6,NaN,7.41,2.45,-4.6
1999,7,NaN,5.31,3.6,-3.32
2005,4,0.36,-17.07,-13.35,-12.46
2007,1,NaN,-20.63,-20.76,-0.97
2013,11,0.09,-13.51,-2.67,-0.81
2013,8,0,6.6,5.83,-0.85
2013,4,NaN,-8.13,-0.68,-0.36
2014,7,NaN,8.9,6.69,-1.31
2002,1,0.18,-23.51,-13.1,-9.12
2003,12,0.25,-24.02,-6.43,-2.92
2003,9,0.06,0.03,0.59,-1.34
2008,11,0.17,-17.41,-4.18,-1.9
2010,12,0.12,-29.89,-5.43,-0.25
2015,5,0,13.21,NaN,-0.26
2013,7,0,15.6,12.21,-0.58
2001,6,NaN,3.4,-0.21,-5.53
2005,5,0.5,-4.31,-6.69,-9
2002,8,NaN,5.04,2,-1.33
1999,3,NaN,-28.58,-13.21,-9.35
2014,7,0,14.63,NaN,-0.45
2010,1,0.14,-26.88,NaN,-1.59
2014,10,0.15,-6.32,-0.36,-0.98
2012,9,0,6.79,4.65,1.09
1999,8,NaN,9.28,5.66,-1.58
2002,8,NaN,5.74,3.58,-1.74
2007,2,0,NaN,-20.17,-15.15
2010,2,NaN,-17.79,-2.69,-0.13
2007,4,0.08,-13.06,-13.33,-14.24
2008,1,0.26,-30.13,-13.9,-9.59
2012,9,0,7.07,6.67,5.21
2005,10,0.07,-8.08,-1.59,-0.66
2015,4,0,1.71,0.81,-0.13
2001,5,0.29,-11.96,-10.96,-11.93
2013,3,0.26,-24.42,-16.42,-13.18
2014,4,NaN,-0.77,-0.16,-0.41
2002,11,0.13,-14.48,-3.42,-1.29
2014,11,0,-8.77,-1.17,-0.43
2014,9,0.05,1.01,0.52,-1.04
2000,8,NaN,4.46,2.94,-2.43
2002,12,0.12,-22.6,-6.25,-2.16
2006,7,NaN,9.84,7.46,-1.75
2011,11,0.1,-21.39,-4.24,-1.21
2013,8,NaN,5.51,4.6,-1.5
2009,8,NaN,7.28,NaN,2.08
2015,1,NaN,NaN,NaN,-0.1
2001,7,0,9.9,8.98,-1.91
2007,1,NaN,-25.36,-20,-7.95
2006,10,0.05,-4.75,-0.4,-0.94
2007,5,0,4.15,NaN,-0.31
2007,12,0.15,-19.48,-8.08,-1.75
2011,2,NaN,-20.27,-8.97,-1.19
2001,6,NaN,2,0.57,-6.7
2001,3,0.42,-28.22,-21.23,-16.07
2013,2,NaN,-12.62,-4.13,-0.73
2001,5,0.22,-10.4,-10.57,-13.06
2015,7,NaN,NaN,8.79,-1.5
2011,10,0.09,-5.92,-0.25,-0.78
2016,2,0.57,-18.8,-6.2,-4.12
2010,3,NaN,-7.37,-2.42,-0.17
2015,4,0.03,-12.6,-11.64,-12.04
2001,10,0.27,-14.63,-0.27,-1.3
2004,4,0.15,NaN,-18.3,-18.5
2008,3,NaN,-10.68,-1.95,-0.15
2014,6,0,13.31,NaN,-0.6
2012,10,0.08,-4.41,-0.13,-0.78
2010,6,NaN,NaN,NaN,-1.51
2006,4,0.39,-20.72,-13.49,-11.93
2006,1,0.17,-26.02,-17.1,-11.21
2013,5,0.29,-5.46,-7.49,-9.98
2014,2,NaN,-22.62,-5.11,-0.91
2004,9,0.07,0.23,1.5,0.73
2005,7,NaN,5.32,3.83,-2.85
1998,11,0.13,-13.36,-6.25,-0.62
2010,7,NaN,10.67,6.66,-1.97
2010,8,0,14.63,12.55,2.09
2008,5,0,8.41,6.22,-0.98
2015,6,0,13.88,12.81,-1.31
2007,1,0.16,-28.79,-19.2,-13.41
2006,10,NaN,-1.86,-1.32,-0.34
2006,7,NaN,8.2,6.07,-2.11
1999,1,0.16,-30.29,-12.99,-9.39
2010,2,0.2,-9.86,NaN,-4.27
2015,5,0.27,2.52,-2.5,-5.59
2002,5,NaN,NaN,-1.01,-6.82
2002,1,NaN,-23.98,-10.04,-5.87
2002,9,NaN,3.29,2.4,-0.63
2007,11,NaN,-10.89,-0.79,-0.08
2015,10,NaN,NaN,-0.64,-0.83
2015,2,0.1,-13.82,-10.37,-6.51
2012,6,NaN,6.93,2.53,-4.8
2005,6,NaN,1.58,NaN,-4.77
2008,8,NaN,7.07,NaN,-0.75
2005,10,NaN,-9.18,-8.3,-0.25
2012,12,0.3,-26.93,-8.28,-2.93
2013,5,0.05,-2.72,-4.28,-7.42
2008,1,0.16,-23.93,-18.69,-11.14
2003,10,0.07,NaN,-0.49,-1.17
2010,12,0.3,-22.89,-8.96,-2.66
2007,11,0.09,-11.79,-4.18,-2.08
2013,1,0.14,-26.38,-13.53,-9.17
2006,7,0,14.95,14.31,-0.26
2007,8,NaN,10.43,9.86,-1.35
2004,4,0.26,-18.65,-19.95,-19.17
2002,6,NaN,4.24,2.19,-4.48
1998,11,NaN,-16.7,-0.81,-0.79
2010,8,0,9.12,NaN,6.58
2008,1,NaN,-53.46,-2.09,-0.06
2009,5,0.16,-4.09,-4.1,-9.3
2011,8,NaN,8.12,3.94,-1.43
2014,6,NaN,2.22,-0.56,-4.28
2008,11,0.46,-11.5,NaN,1.24
2012,11,0.27,-17.11,-0.38,-0.97
2010,3,NaN,-12.72,-12.37,-9.79
2004,1,0.08,-25.08,-21.08,-14.45
2012,12,NaN,-24.14,-6.18,-0.19
2013,6,0,18.96,11.34,-0.18
2011,1,0.36,-20.77,-8.3,-4.47
2013,5,0.12,-0.46,-0.99,-5.28
1999,3,NaN,-28.07,-18.55,-14.9
2015,4,0,13.49,-2.03,-5.88
2002,3,0.52,-17.33,-11.59,-9.64
2003,3,0.12,-23.73,-15.03,-12.84
2009,1,NaN,-25.88,-5.61,-0.54
2015,6,NaN,8.06,2.01,-2.94
2008,3,0.17,-28.58,-21.73,-16.31
2006,12,NaN,-19.57,-4.75,0.09
2015,4,0,0.83,-0.47,-1.28
2002,3,0.16,-14.6,-14.08,-12.67
2015,8,NaN,11.55,9.99,-0.22
2014,7,0,NaN,7.65,-1.76
2004,8,NaN,9.69,7.57,-1.54
2014,12,NaN,-12.96,-1.35,-0.03
2013,6,NaN,10.3,3.34,-4.02
2006,5,0.15,-3.65,-6.65,-10.14
2008,1,0.2,-30.5,-16.85,-10.94
2013,6,NaN,8.22,2.72,-4.61
2007,2,0.19,-25.89,-16.54,-13.29
2009,12,NaN,-20.87,-2.46,-0.01
2010,4,0,2.14,NaN,-3.24
2009,9,0.07,1.1,1.4,-1.13
2012,8,0,11.62,10.35,2
2009,5,0.07,-4.32,-4.07,-8.09
2008,6,NaN,5.06,3.63,-4.76
2008,9,0,NaN,0.9,-1.84
1999,9,NaN,1.45,2.44,0.63
2006,11,NaN,-25.1,-10.71,-0.68
2002,8,NaN,NaN,2.71,-2.31
2012,2,0.32,-24.77,-20.1,-15.12
2012,7,NaN,13.46,9.78,-0.13
2010,12,NaN,-29.44,-1.66,-0.12
2002,10,0.07,-6.71,-0.07,-0.97
2011,7,NaN,8.8,3.91,-2.39
2004,5,0.32,-0.83,-8.22,-10.55
2009,12,0.21,-15.97,NaN,-2.27
2015,8,NaN,11.66,9.4,0.9
2011,8,0,9,7.33,-1.05
2008,3,0.18,-29.12,-23.1,-16.6
2006,7,NaN,NaN,NaN,-1.92
2001,6,NaN,7.52,1.5,-5.53
2012,8,NaN,10.37,7.31,-0.89
2009,10,0.07,-4.06,-0.14,-1.93
2011,3,0.25,-20,-13.2,-10.63
2010,7,0,16.38,13.28,0.09
2013,4,NaN,-7.02,-3.83,-1.97
2005,6,NaN,4.2,NaN,-4.08
2001,11,0.21,-17.29,-3.53,-2.41
2014,10,NaN,NaN,NaN,-0.03
2009,3,0.47,-29.02,-16.68,-12.69
2013,12,0.18,-21.36,-5.94,-2.52
2007,12,0.11,-23.27,-9.41,-3.89
2003,10,0.07,-4.65,-0.22,-1.47
2002,2,0.47,-26.49,-12.56,-9.01
2007,1,NaN,NaN,-25.36,-8.01
2011,5,NaN,-5.76,-7.89,-9.87
2011,4,0.47,-4.64,NaN,-3.61
2005,8,NaN,10.3,5.67,-0.58
1998,9,0.04,2.9,1.39,-1.22
2007,8,0,NaN,7.43,-2.16
2011,10,NaN,-2.75,-1.34,-0.33
2005,10,0.18,-8.83,-1.94,-0.99
2002,10,0.04,-6.24,-0.95,-0.02
2014,6,0,6.59,5.38,-1.78
2007,10,0.04,-5.28,-1.24,-1.74
2006,9,0,4.9,NaN,5.97
2007,5,0,9.75,10.14,-1.05
2008,10,0.29,-8.61,NaN,2.51
2013,4,0.05,-14.04,-11.52,-9.72
2007,8,NaN,10.05,NaN,-1.37
2010,4,0,1.52,-2.58,-6.71
2007,5,0.08,-7.58,-7.85,-10.34
2009,6,NaN,5.08,NaN,-3.25
2001,5,0.42,-11.16,-11.51,-13.01
2014,2,NaN,NaN,-13.28,-9.98
1999,2,NaN,-28.57,-16.16,-12.78
2001,7,NaN,7.41,5.67,-3.07
2011,8,NaN,7.84,5.92,-0.86
2000,11,0.18,-19.32,-9.57,-3.77
2011,2,0.27,-20.91,-13.6,-10.99
2008,11,0.32,-17.08,-2.97,-2.03
2005,2,0.19,-26.6,-21.9,-16.19
2007,12,0.11,-19.89,-13.38,-6.42
2012,4,0.36,-15.7,-14.11,-13.38
2003,6,NaN,3.13,0.06,-4.11
2000,3,NaN,-24.99,-21.04,-17.29
2009,2,0.44,-22.74,NaN,-7.2
2014,9,0,6.15,4.9,-0.33
2000,4,0.41,-18.77,-13.73,-12.65
2010,5,0.36,-6.33,-8.83,-10.56
2013,9,0,5.57,5.59,4.48
2005,12,NaN,NaN,-9.96,-6.94
2007,2,NaN,-18.42,-4.41,-0.13
2005,8,NaN,8.52,6.44,-1.6
2008,3,NaN,-29.92,-17.69,-14.18
2006,2,0.25,-23.59,-15.82,-12.98
2013,11,0,-13.69,-0.51,-0.59
2007,3,NaN,-17.94,-6.22,-0.63
2012,10,0.14,-4.29,-0.02,-1
2008,9,0.01,1.71,1.6,0.21
2006,7,NaN,7.94,4.92,-2.57
2013,9,NaN,-0.27,1.01,-0.95
2004,11,0.2,-18.69,-2.54,-0.93
1999,1,0.23,-29.84,-15.34,-8.18
2008,12,0.38,-18.54,-8.26,-4.73
2009,10,0.21,-5.69,NaN,-0.7
2014,5,0,3.93,2.98,-3.02
2008,12,0.13,-14.62,-8.38,-1.19
2010,2,0.29,-26.96,-12.82,-9.2
2009,3,0.26,-31.33,-16.39,-11.89
2009,1,0.28,-28.35,-12.84,-8.73
2015,6,NaN,11.17,7.43,-1.13
2005,1,0.29,-22.68,-14.67,-11.39
2013,12,NaN,-20,-1.93,-0.22
2010,2,0.22,-25.23,-16.77,-13.41
2011,2,0.34,-23.33,-12.73,-8.84
2009,9,0,4.52,NaN,6.54
2007,2,0.16,-24.67,-17.87,-13.89
2005,12,0.13,-20.56,-14.13,-9.47
2007,6,0,NaN,1.5,-5.87
2000,2,0.14,-27.37,-17.36,-14.3
2011,4,0.28,-20.52,-11.44,-10.05
2008,6,0.04,7.53,NaN,0.95
2016,4,NaN,4.06,NaN,-0.89
2010,11,NaN,-12.09,-0.1,-0.11
2008,9,NaN,0.04,NaN,-1.02
2011,11,0.3,-20.02,-1.96,-1.75
2005,5,0.24,-5.12,NaN,-11.76
2007,4,0,2.11,-1.72,-4.24
2009,2,0.42,-27.57,-15.43,-12.1
2009,1,NaN,-25.97,-3.44,-0.12
2009,6,NaN,2.51,1.13,-4.37
2000,4,0.25,-18.97,-14.35,-13.61
2008,4,0.39,-13.12,-13.6,-13.48
2008,1,0.15,-30.68,-17.4,-11.37
2010,4,0,1.62,-1.47,-3.12
2014,4,0,0.31,-1.6,-1.14
2010,3,NaN,-12.52,-6.44,-4.11
2003,7,NaN,9.77,5.88,-2.27
2006,1,0.18,-27.47,-12.07,-9.5
2007,12,0.08,-21.54,NaN,-4.13
2006,10,0.03,-3.75,-0.96,-0.95
2011,2,0.38,-19.75,-14.63,-11.03
2001,9,NaN,1.46,1.68,-0.9
2011,8,0,12.56,11.08,1.06
2005,1,NaN,-24.15,NaN,-13.6
2014,9,NaN,1.22,0.82,-0.57
2013,12,0.22,-14.43,-12.13,-5.37
2013,9,0,4.33,3.42,-0.11
2015,4,0,2.91,-0.01,-0.09
2002,4,NaN,-13.52,-10.45,-9.37
2012,1,0.28,-33.15,-12.77,-8.21
2011,9,NaN,2.6,2.25,-0.82
2003,11,0.1,-18.31,-7.58,-2.57
2011,12,0.23,-9.38,-6.34,0.3
2005,12,0.13,-22.09,-14.08,-8.38
2012,4,0.55,-15.61,-15.97,-15.18
2006,8,NaN,3.77,2.68,-1.42
2002,2,0.24,-29.4,-15.22,-11.7
2011,1,0.3,-22,-14.66,-8.57
2012,12,0.28,-26.89,-6.41,-3.32
2002,2,0.16,-24.37,-16.87,-12.8
2005,6,0.01,7.27,10,-0.4
2004,12,0.16,-24.03,-15.09,-9.5
2009,12,0.22,-21.3,-10.56,-7.21
2010,10,NaN,-5.36,-1.42,0
2008,10,0.11,-8.19,-2.15,0.01
2007,1,0.24,-20.46,-10.82,-7.07
2006,6,NaN,5.07,3.08,-4.68
2010,5,0,11.37,3.89,-1.19
2008,10,0.07,-7.65,-0.89,-1.16
2007,9,NaN,3.51,NaN,-1.05
2009,11,0.21,-21.09,NaN,-0.66
2013,8,0,14.39,11.54,3.09
2014,6,NaN,6.08,4.29,-1.35
2013,3,0.46,-12.53,-4.84,-0.42
2007,10,0.04,-6.05,-0.4,-2.1
2016,4,NaN,-13.12,-6.87,-6.25
2013,10,0,1.9,0.43,-0.17
2004,8,NaN,8.94,3.32,-2.78
2012,10,NaN,-5.92,-1.28,0.38
2006,10,0.02,-3.99,-1.39,-0.01
2013,3,0.05,-22.85,-19.19,-15.82
2013,2,0.25,-31.55,-16.37,-12.18
1999,6,NaN,0.87,0.41,-5.65
2011,8,NaN,6.81,4.78,-1.12
2011,1,0.37,-25.1,-10.81,-6.47
2009,2,0.75,-14.81,NaN,-0.67
2006,5,0.25,-4.01,-7.54,-11.11
2014,8,0,11.5,9.68,-0.42
2009,7,NaN,12.36,NaN,-1.79
2014,5,0,9.43,NaN,-0.98
2005,9,0.02,1.88,2.29,0.46
1998,12,NaN,-20.44,-7.05,-3.14
2008,1,0.67,-15.92,NaN,0.2
2006,8,0,NaN,5.53,0.33
2008,10,0.23,-7.03,-0.12,-1.99
2014,10,0,-2.37,-1.16,-0.3
2009,10,NaN,-2.36,-1.59,-0.34
2015,8,0,10.4,9.04,-0.77
2001,9,NaN,NaN,2.41,0.3
2003,5,0.58,-4.84,-5.99,-6.78
2016,5,NaN,NaN,-1.66,-5.96
2003,10,0.04,-4.02,-0.27,-1.22
2014,3,NaN,NaN,-13.37,-11.52
2014,12,NaN,-14.46,-1.76,-0.26
2014,4,0.1,-6.7,-6.35,-7.11
2008,2,0.1,-29.03,NaN,-11.19
2016,2,0.21,-14.15,NaN,-0.27
2010,4,0.29,NaN,-13.1,-12.75
2010,1,0.16,NaN,-16.67,-11.32
2004,10,0.1,-6.21,NaN,-1.15
2002,10,0.08,-5.99,-0.2,-1.24
2006,10,NaN,-4.04,-4.43,-0.16
2009,7,NaN,7.55,4.08,-3.1
2010,2,NaN,NaN,NaN,-8.5
2010,8,NaN,8.41,6.82,0.9
2010,9,0.05,3.51,2.79,-1.23
2007,11,0.09,-13.91,NaN,-0.46
2012,10,0.04,-2.24,-0.44,-1.49
2007,7,0,16.46,12.26,-0.28
2008,1,0.23,-27.45,-13.33,-8.15
2012,11,0.05,-16.26,-3.4,-0.8
2012,6,NaN,9.07,1.45,-3.89
2007,11,0.08,-14.96,-4.6,-0.08
2006,8,NaN,5.8,5.84,1.28
2006,8,NaN,5.16,4.59,-0.93
2012,1,0.44,-31.56,-13.29,-7.66
2012,9,0.03,2.2,1.67,-1.72
2007,5,0.14,-7.48,-8.86,-10.99
2014,9,NaN,1.54,1.09,-0.89
2011,4,0.38,-20.45,-12.22,-10.06
2013,9,0.07,-0.36,0.77,-1.09
2009,11,0.09,-18.68,-6.14,-2.5
2000,3,0.37,-27.01,-16.07,-12.76
2014,1,0.28,-23.08,-11.04,-8.02
2013,9,0.11,-0.25,0.95,-1.16
2004,1,0.29,-26.35,-14.36,-10.78
2014,7,NaN,8.11,2.61,-2.35
2007,3,0.26,-28.77,-17.25,-12.26
2011,1,0.28,-24.48,-7.87,-3.53
2004,2,0.3,-34.57,-15.47,-11.37
2002,6,NaN,3.67,1.64,-4.4
2006,4,0.3,-20.39,-15.03,-13.76
2009,1,0.29,-28.12,-12.53,-8.89
2014,12,0.1,-22.12,-13.01,-6.99
2000,5,NaN,-8.06,-9.77,-10.53
2014,4,0.29,-15.57,-12.87,-11.92
2008,8,0,10.73,8.81,-0.41
2006,6,NaN,NaN,NaN,-4.64
2007,8,NaN,8.26,4.2,-1.85
2007,4,0.23,-13.85,-14.19,-14.25
2012,3,0.27,-33.39,-20.7,-14.22
2005,6,NaN,5.07,2.2,-4.54
2003,12,NaN,-21.09,-13.89,-10.35
2010,6,NaN,6.33,3.98,-4.72
2008,4,0.19,-13.24,-14.04,-14.63
2016,1,0.54,-19.75,-3.31,-1.15
2012,11,NaN,-20.48,-7.3,0.18
2007,12,NaN,NaN,-11.81,-6.14
2010,6,NaN,7.46,0.75,-4.11
2015,1,0.22,-22.08,NaN,-0.29
2015,10,NaN,-2.46,-1.24,-0.04
2014,6,0,10.74,8.47,-0.65
2001,1,0.18,-24.5,-20.62,-14.64
2012,11,NaN,-24.17,-4.15,-0.05
2009,3,NaN,-14.12,-6.33,-2.26
2012,10,0,-7.25,0.6,0.21
2007,3,0.18,-28.32,-21.26,-16.63
2010,7,0,16.21,NaN,-0.55
2010,1,0.22,-28.85,-14.44,-10.5
2010,9,0,4.94,4.92,0.78
2015,6,0,12.34,7.03,-1.83
2007,5,0.13,-7.41,-8.33,-10.6
2013,6,0,2.61,2.75,-4.73
2005,9,0.14,0.94,1.17,-1.18
2007,6,NaN,4.17,2.53,-4.6
2014,9,0.02,1.49,1.42,0.33
2012,9,0,1.55,1.4,-1.58
2008,10,0.18,-15.11,NaN,-0.5
2003,3,0.13,-22.27,-16.42,-13.23
2008,6,NaN,12.23,NaN,-2.41
2009,7,0,NaN,4.31,-2.9
2004,12,0.11,-24.44,-17.23,-10.18
2010,5,0.18,-5.58,-7.48,-9.9
2007,2,0.05,-25.75,-16.34,-11.34
2009,2,0.22,-27.85,-19.9,-14.46
2004,12,0.07,-25.04,-11.86,-6.41
2007,6,NaN,5.39,1.87,-5.03
2004,10,0.16,-11.58,-0.58,-0.55
2001,7,NaN,NaN,2.47,-2.53
2009,9,NaN,NaN,NaN,-0.46
2013,2,NaN,-19.92,-10.12,-8.06
2006,3,0.41,-27.27,-13.49,-9.88
2015,2,0.35,-22.76,-16.69,-12.67
2014,7,0,2.66,3.68,-2.38
2011,7,NaN,11.23,8.58,0.01
2012,1,NaN,-32.53,-1.81,-0.11
2010,10,NaN,-3.37,-0.07,0.87
2015,2,0,-12.66,-11.48,-8.71
2010,9,0,5.49,4.4,-0.31
2009,4,0.22,-14.82,NaN,-13.95
2005,2,0.3,-11.9,-9.24,-3.52
2001,4,0.12,-15.99,-14,-13.49
2011,8,0,11.62,9.75,0.49
2006,9,0.04,2.39,1.76,-1.91
2005,8,NaN,5.6,4.63,-2.39
2004,9,0.05,-2.33,0.08,-0.63
2011,10,0.13,-5.7,-0.76,-1.01
2002,11,0.11,-11.97,-2.92,-2.1
2009,12,0.13,-18.61,-12.43,-8.55
2014,1,0.07,-22.23,-14.57,-8.7
2009,11,0.09,-13.7,NaN,0.33
1999,7,NaN,10.99,5.54,-2.38
2005,6,NaN,4,NaN,-4.35
2007,12,0.14,-19.88,-11.19,-6.04
2012,8,0,13.26,11.08,3
1999,11,0.11,-21.48,-3.19,-0.04
2015,5,0.11,0.62,-3.07,-8.07
2009,12,0.39,-19.04,-6.55,-3
2011,12,0.26,-26.8,-8.22,-3.9
2014,3,NaN,-11.99,-5.81,-2.91
2015,5,0,6.69,4.65,-3.08
2011,8,0,11.95,9.73,-0.38
2006,9,0.08,5.1,NaN,-0.86
2013,3,NaN,-11.28,-5.04,-1.34
2004,5,0.17,-2.55,-4.86,-8.49
2001,6,0,6.93,4.31,-4.67
2002,3,NaN,NaN,-14.33,-12.82
2015,9,NaN,3.66,3.34,0.65
2012,12,0.3,-25.61,-8.54,-3.44
2010,11,0.14,-10.51,-3.15,1.48
2005,7,NaN,6.12,NaN,-2.6
2003,6,NaN,7.79,1.91,-3.75
2013,7,NaN,11.33,8.1,-2.25
2010,8,0,13.62,10.58,-0.09
2004,9,NaN,0.4,0.96,-0.53
2014,9,0,5.92,4.07,1.88
2008,1,NaN,-23.16,-2.49,-0.12
2013,7,NaN,12.2,4.51,-2.39
2012,5,NaN,-5.44,-7.18,-11.21
2000,11,0.11,-19.02,-7.71,-4.79
2015,8,NaN,11.45,10.54,-0.13
2003,1,0.14,-24.34,-13.33,-9.93
2009,6,NaN,NaN,NaN,-1.7
2012,11,0.32,-19.38,-0.9,-0.91
2001,10,NaN,NaN,-0.09,-1.07
2009,6,0,6.79,9.76,-0.72
2012,8,NaN,9.47,4.49,-2.53
2008,11,0.26,-16.91,NaN,-0.46
2004,4,0.46,-17.6,-16.6,-15.39
2012,8,0,7.36,6.73,-1.99
2015,3,NaN,-8.35,-3.01,-1.43
2001,4,NaN,-17.67,-15.34,-14.33
2004,1,NaN,-24.34,-16.53,-12.55
2015,1,0.25,-25.07,-12.82,-9.29
2008,3,0.13,-29.91,NaN,-12.64
2002,8,NaN,6.26,4.71,-0.89
2013,3,0.31,-23.47,-16.72,-13.9
2005,7,NaN,6.68,NaN,-2.96
2007,5,0.25,-8.01,-9.31,-11
2015,4,0.43,-15.12,-10.48,-9.81
2009,11,0.33,-22.77,-3.14,-0.96
2014,11,NaN,-13.66,-7.84,-0.08
2011,2,0.36,-16.75,-10.99,-7.99
2007,3,NaN,-22.02,-10.08,-6.29
2010,11,0.22,-11.14,-1.04,-1.57
2008,3,0.23,-29.61,-18.56,-14.84
2006,4,0.24,-20.82,-15.38,-14.28
2009,8,NaN,6.74,3.37,-1.53
2005,2,0.07,-27.52,-17.11,-12.88
2010,7,NaN,10.18,5.83,-2.23
2010,3,NaN,-10.74,-3.25,-0.25
2008,7,NaN,5.36,5.79,-2.89
2012,7,0,15.1,9.15,-1.33
2010,5,0.34,-6.01,-7.4,-9.27
2015,2,0.25,-17.99,NaN,-0.86
2013,5,0.3,-5.65,-7.94,-10.87
2014,4,0.11,-14.34,-12.43,-11.71
2012,12,0.22,-26.38,-7.46,-2.32
2014,9,0.05,0.99,0.58,-1.09
2009,4,0.2,-15.87,-15.86,-15.52
2013,2,NaN,-19.2,-6.11,-3.25
2008,5,0.2,-4.28,-6.39,-9.97
2009,7,NaN,6.8,5.58,-2.9
2004,9,0.02,3.17,0.62,-2.41
2013,6,0,12.71,10.59,-2.24
2014,11,0.2,-12.6,-1.68,-0.86
2005,12,0.35,-23.59,-7.52,-4.67
2005,7,NaN,8.48,8.5,-0.47
2006,6,NaN,4.76,1.7,-5.43
2013,7,0,14.76,12.23,-1.83
2007,5,0.32,-7.86,-10.5,-11.54
2008,5,0.14,2.94,NaN,-5.95
2006,5,0.53,-3.5,-5.77,-8.99
2008,4,0.3,-13.2,-13.06,-13.29
2013,10,0,1.88,0.68,-0.26
2001,6,NaN,4.97,2.57,-6.12
2003,11,0.15,-17.86,-4.2,-2.51
2015,5,0,5.49,0.04,-4.07
2007,6,0,15.41,9.34,-2.18
2007,6,NaN,6.67,2.95,-4.55
2008,9,0.05,-0.74,0.51,-1.2
2015,1,NaN,-21.37,-7.89,-0.05
2012,2,NaN,-16.8,-13.22,-9.78
1999,9,NaN,1.38,1.64,-1.16
2007,5,0.25,-7.72,-9.15,-11.54
2011,10,0.08,-4.45,-1.39,-1.44
2012,7,NaN,12.91,9.14,-1.74
2015,8,NaN,11.14,10.19,1.3
2009,2,0.13,-25.92,-17.54,-13.53
2016,2,NaN,NaN,-10.7,-8.36
2015,5,0.2,-1.22,-4.1,-8.42
2014,12,NaN,-13.85,NaN,-0.28
2002,3,NaN,NaN,-10.08,-8.3
2011,9,NaN,1.88,1.59,-1.08
2005,10,0.04,-8.08,-1.62,-0.04
2010,11,NaN,-10.92,-1.99,-0.01
2007,9,0.02,1.89,2.38,0.38
2008,2,0.16,-27.63,-20.57,-14.88
2015,4,0,0.83,-0.47,-1.28
2015,12,NaN,-18.01,-1.06,-0.02
2011,4,NaN,-0.89,-5.25,-8.05
2015,2,NaN,-19.77,-15.74,-9.52
2015,4,0.19,-14.1,-13.16,-12.68
2007,5,0.19,-8.24,-8.51,-11.7
2008,1,0.13,-28.91,-22.24,-12.94
2009,1,NaN,-24.33,-11.5,-0.55
2006,2,0.19,-19.89,NaN,-14.68
2012,7,0,15.15,12.49,-0.47
2004,11,0.16,-17.73,-5.68,-1.32
2015,1,NaN,-20.12,-11.1,-0.16
2014,5,0,9.62,2.86,-0.3
2006,4,0.33,-20.07,-16.49,-14.73
2014,9,0,6.15,4.9,-0.33
2003,11,NaN,-17.5,-6.65,-3.66
2004,7,NaN,9.81,5.86,-2.62
2014,2,0.2,-23.82,-13.2,-9.9
2012,7,0,15.53,12.23,0.12
2008,12,0.3,-18.6,-6.42,-3.66
2007,10,0.14,-6.81,-1.03,-0.03
2010,6,0,8.06,NaN,1.95
2004,12,0.58,-26.44,-3.25,-0.81
2014,5,0,9.34,4.93,-0.63
2000,5,NaN,-7.99,-9.07,-9.91
2011,8,NaN,7.86,6.42,-1.13
2013,2,NaN,-17.99,-6.38,-0.96
2013,6,0,15.88,11.2,-0.76
2009,10,0.09,-5.69,-0.89,-0.57
2013,9,0,3.58,3.07,-0.56
2001,3,0.12,-27.73,-16.48,-13.69
2008,11,0.33,-18.54,-2.36,-0.04
2014,12,NaN,-14.7,-2.04,-0.05
2002,4,NaN,NaN,-10.03,-8.65
2003,2,0.51,-26.54,-9.18,-6.54
2007,4,0,0.96,-0.2,-0.96
2012,4,0,2.67,-0.42,-0.5
2015,9,NaN,3.98,1.68,-0.75
2004,7,NaN,NaN,7.38,-2.44
2013,9,0,-0.98,0.51,-1.55
2004,11,0.26,-19.15,-2.21,-0.03
2005,11,0.33,-25.25,-2.52,-0.64
2010,12,0.28,-26.35,-3.75,-0.05
2011,4,0.27,-18.72,-13.16,-11.85
2013,4,0.36,-20.07,-16,-14.72
2007,12,0.2,-21.34,-10.27,-5.86
2005,4,0.22,-16.74,-16.63,-16.22
2006,9,NaN,3.47,3.24,-1.08
2016,1,NaN,-15.6,-5.28,-0.06
2014,4,0.3,-14.75,-12.14,-10.94
2002,11,0.06,-13.92,-3.77,-0.04
2008,12,NaN,-23.68,-1.6,-0.12
2011,3,NaN,-16.27,-2.91,-0.19
2009,9,0.02,0.99,1.26,-1.79
2013,8,NaN,5.4,4.81,-1.24
2008,12,0.37,-16.05,NaN,-2.02
2001,11,0.16,-18.14,-9.96,-4.57
2014,10,NaN,-2.43,-0.39,-0.68
2000,9,0.03,0.47,1.04,-1.48
2004,4,0.41,-18.18,-16.14,-14.91
2012,5,0.5,-5.96,-8.55,-11.38
2013,1,0,-14.59,-9.99,-6.69
2013,1,0.26,-19.17,-1.02,-0.34
1999,4,NaN,-17.33,-12.69,-10.98
2014,3,0.25,-21.1,-14.82,-11.13
2009,2,0.08,-26.89,NaN,-12.48
2015,7,0.02,15.85,NaN,-0.36
2015,6,NaN,11.31,1.92,-2.77
2010,1,NaN,-28.14,-15.59,-7.93
2008,6,NaN,3.49,3.23,-5.2
2013,11,0.2,-15.01,-2.77,-1.05
2002,10,0.07,-6.48,-0.36,-1.08
2010,6,NaN,3.5,1.36,-4.9
2013,7,NaN,7.56,5.96,-2.86
2014,10,0.24,-9.31,NaN,-0.56
2009,8,NaN,5.73,3.63,-1.33
2007,10,0.03,-8.23,NaN,-0.94
2002,12,NaN,NaN,-12.03,-6.92
2011,10,NaN,-3.25,-1.79,0.14
2013,3,0.39,-15.3,-6.64,-4.55
2004,10,0.15,-7.45,-1.47,-0.96
2002,3,0.28,-19.97,-13.77,-12.05
2008,5,0.11,-2.47,-3.51,-8.95
2014,3,NaN,-10.26,-5.27,-1.01
2012,8,NaN,9.38,5.64,-1.17
2002,7,NaN,NaN,NaN,-0.14
2007,9,NaN,2.72,1.67,-2.36
2009,2,NaN,-19.89,-6.94,-3.23
2012,12,0.18,-27.6,-1.81,-0.33
2011,10,0.1,-6.39,-0.14,-0.01
2009,8,0,6.56,8.29,0.28
2004,2,NaN,-32.38,-21.7,-17.08
2006,1,0.19,-28.06,-12.22,-8.23
2013,12,0,-19.88,0.43,-0.62
2015,1,0.28,-25.18,-8.72,-5.4
2006,11,0,NaN,-9.54,-3.9
2009,8,NaN,5.91,4.41,-2.12
2002,4,NaN,NaN,-12.54,-12
2000,2,NaN,-27.71,-20.7,-15.92
2006,10,0.24,-3.57,NaN,2.8
2007,9,0.01,3.39,3.41,1.08
2007,9,NaN,3.72,NaN,-0.98
2007,12,NaN,-20.09,-6.99,-0.87
2008,5,NaN,-2.58,-6.56,-9.87
2015,11,0.11,-10.54,-0.85,-0.44
2014,11,0.39,-13.85,-0.68,-0.55
2005,7,NaN,4.92,3.15,-2.52
2005,12,0.03,-23.13,-11.26,-6.94
2006,11,0.14,-18.24,-5.75,-3.01
2009,12,NaN,-17.94,-2.61,-0.27
2009,11,0.14,-21.39,-4.58,-1.07
2011,4,0.24,-20.49,-13.85,-11.29
2015,2,0.45,-19.83,-10.17,-7.44
2008,5,0.29,-3.41,-6.22,-9.3
2010,11,NaN,-10.07,-2.77,-0.26
2005,10,0.1,-9.75,-1.35,-0.68
2006,9,0.06,3.44,2.17,-1.32
2007,10,0.18,-5.51,NaN,2.61
2013,2,0.3,-30.53,-18.29,-13.01
2014,10,NaN,-4.48,-1.19,4.1
2014,2,0.25,-24.24,-14.2,-10.35
2016,4,NaN,5.08,NaN,-0.11
2000,10,0.07,-9.66,-1.17,-0.75
2007,4,0.26,-2.03,NaN,-4.62
2012,9,0,5.51,3.55,-0.09
2005,3,0.28,-7.42,-7.52,-3.92
2005,7,NaN,4.51,1.92,-3.66
2006,6,0,9.36,11.02,-2.39
2009,6,NaN,4.84,2.13,-3.53
2006,2,NaN,-15.81,-16.63,-11.19
2009,12,0.17,-20.17,-11.6,-7.09
1998,12,NaN,-20.75,-11.25,-6.03
2008,9,NaN,0.75,0.85,-1.27
2012,5,0,8.38,5.51,-0.72
2006,5,0.34,-4.15,-8.35,-11.19
2005,8,NaN,8.11,5.4,-1.93
2005,12,0.29,-22.84,-9.82,-6.43
2010,7,NaN,9.57,4.34,-2.4
2011,8,0,7.64,NaN,6.21
2014,6,0,NaN,4.51,-2.8
2014,11,NaN,-15.59,-2.06,-0.27
2000,1,0.27,-25.8,-15.84,-11.47
2009,3,0.41,-28.14,NaN,-13.23
2013,4,0.37,-19.48,-14.76,-13.37
2016,5,NaN,10.98,7.05,-0.45
2012,5,0.49,-4.67,-5.58,-8.71
2015,6,NaN,15.03,8.71,-0.08
2001,8,NaN,5.84,3.47,-1.92
2014,2,0.32,-23.93,-16.57,-11.75
2012,11,NaN,-24.3,-1.24,-0.1
2003,2,NaN,NaN,-21.16,-15.08
2009,6,0,13.9,9.92,-0.26
2014,11,0.25,-13.37,-2.48,-0.98
2000,2,0.38,-26.82,-14.53,-11.66
2011,2,0.41,-19,-11.11,-0.87
2006,7,0,10.67,NaN,5.59
2016,5,NaN,14.71,1.4,-1.43
1999,1,NaN,-28.79,-11.54,-6.6
2005,4,0.21,-16.22,-15.04,-14.31
2008,11,0.38,-16.22,-2.71,-1.95
2011,5,0.16,3.81,NaN,-1.12
2007,6,0,15.61,11.42,-0.78
2004,3,0.48,-26.62,-14.39,-11.28
2004,9,0.04,0.71,NaN,-1.27
2004,4,0.16,-18.5,-17.63,-16.88
2015,2,NaN,NaN,-10.73,-7.83
2012,4,0.41,-16.06,-15.98,-15.11
2007,12,NaN,-53.49,-2.32,-0.07
2008,4,0.11,-12.57,-13.37,-14.01
1999,12,0.1,-31.86,-10.55,-4.58
2003,12,0.11,-23.72,-17.11,-10.54
2014,2,NaN,-22.77,-0.92,-0.17
2000,12,0.33,-22.09,-5.84,-2.87
2006,9,NaN,3.31,1.99,-2.26
1999,10,NaN,-13.41,-0.76,-0.85
2011,3,0.56,-19.23,-13.58,-11.23
2011,10,0.11,-7.01,-0.34,-0.93
2006,3,NaN,NaN,-15.57,-11.72
2013,5,0,6.08,3.09,-2.54
2001,12,0.17,-24.91,-17.56,-10.76
2007,11,NaN,-13.23,-3.03,-0.72
2014,3,0.62,-8.9,-4.32,-0.6
2006,3,0.23,-30.13,-17.84,-14.2
2009,8,NaN,6.57,3.71,-2.47
1999,9,NaN,0.94,1.58,-0.98
2010,3,NaN,-7.33,-2.97,-1.35
2007,8,NaN,9.14,5.84,-1.8
2011,3,0.26,-20.95,-14.19,-11.93
2008,10,0.25,-9.72,-0.1,-0.99
2014,12,NaN,-14.2,-6.09,-0.07
1999,6,NaN,2.63,-0.21,-5.76
2014,12,NaN,-14.46,-1.76,-0.26
2012,8,NaN,8.88,5.52,-1.69
2005,11,0.17,-23.71,-6.45,-3.89
2009,9,0,6.34,4.91,-0.36
2014,12,0,-13.63,-2.88,-0.41
2006,3,0.2,-28.77,-20.34,-15.35
2007,4,0,1.47,2.77,-2.56
2015,9,0,3.43,2.51,-0.56
2009,7,NaN,11.51,7.77,-1.45
2012,11,NaN,-17.76,-4.55,-0.82
2015,11,0.07,-16.12,-8.73,-3.32
2015,4,NaN,NaN,-12.94,-12.56
2006,12,0.05,-20.63,-9.34,-4.53
2009,5,0.08,-2.29,-2.41,-7.62
2005,10,0.06,-7.35,-0.44,-1.28
2003,9,NaN,-0.04,0.33,-1.72
2014,4,0.07,-5.49,-5.09,-6.4
2016,3,0.58,-24.23,-7.58,-5.67
2005,10,0.03,-7.21,-1.92,-0.97
2009,5,0.1,-1.28,NaN,-7.3
2013,6,0,18.98,12.12,-0.08
2011,1,NaN,-21.27,-9.23,-0.34
2013,1,0.15,-23.61,-17.37,-11.74
2000,5,NaN,-7.62,-8.88,-9.34
2013,7,NaN,8.62,4.84,-2.06
2007,8,NaN,9.13,8.42,-1.32
2009,12,0.22,-20.9,-9.25,-6.43
2009,7,NaN,12.82,NaN,1.28
2001,12,NaN,NaN,-5.22,-1.76
2012,4,0,2.15,0.67,-0.13
2000,11,0.11,-19.33,-7.42,-3.32
2005,7,NaN,7.8,3.86,-2.61
2005,1,0.1,-23.24,-16.77,-12.13
2006,10,0.06,-4.26,-1.18,-0.59
2005,10,0.03,-5.08,-4.21,-0.02
2002,2,NaN,NaN,-16.03,-12.86
2014,12,NaN,NaN,-4.36,-1.81
2001,5,0.42,-10.79,-10.37,-10.75
2008,8,NaN,4.23,3.26,-1.56
2014,9,0,6.69,3.77,-0.58
2012,11,NaN,-22.73,-8.55,-0.32
1999,10,NaN,-13.1,-1.46,-1.01
2013,1,NaN,-17.71,-2.26,-0.07
2008,7,0,14.08,10.06,-0.16
2016,2,0.45,-13.48,-1.53,-0.24
2008,5,0.46,1.8,NaN,-0.57
2013,5,0.14,-6.29,-7.76,-10.03
2011,5,0,10.45,7.25,-1.68
2001,8,NaN,4.73,2.29,-2.5
2007,8,0,13.68,9.9,-0.17
2001,8,NaN,6.03,3.22,-1.9
2016,6,NaN,12.28,11.38,-1.32
2013,8,0,12.87,9.98,0.48
2010,9,NaN,3.35,2.04,-2.22
2009,6,NaN,6.96,NaN,-3.11
2010,7,0,12.83,11.18,-0.52
2005,10,0.06,-8.27,-0.44,-1.2
2013,9,NaN,NaN,NaN,0.78
2011,8,NaN,5.31,4.48,-2.05
2008,2,0.27,-26.31,-14.68,-10.35
2014,9,0,NaN,0.56,-1
2013,4,0.38,-19.96,-14.01,-13.01
2007,1,0.12,-27.83,-15.55,-11.35
2014,3,0.07,-21.95,-16.4,-12.4
1998,12,NaN,-21.38,-2.77,-0.78
2007,5,0.31,-7.81,-8.82,-9.66
2008,6,0,14.32,11.77,-0.63
2011,7,0,14.56,10.68,-0.17
2002,2,0.2,-27.35,-17.35,-14.02
2008,2,0.14,-23.09,-19.44,-13.87
1999,2,NaN,-27.43,-19.48,-14.83
2013,1,0.2,-26.55,-15.18,-9.19
2004,5,NaN,-3.27,-8.14,-10.02
2013,6,0,16.01,7.65,-0.45
2015,1,NaN,-24.71,-15.97,-10.28
2010,10,NaN,-3.48,-1.97,-0.26
2001,8,0,6.2,6.15,-1.03
2009,5,0.17,-1.95,-1.84,-6.12
2006,2,0.1,-10.93,-11.03,-5.09
2007,5,0.3,-6.65,-10.32,-11.69
2014,7,NaN,4.47,4.09,-2.61
2011,1,0.32,-24.45,-12.05,-8.21
2001,10,0.13,-13.45,-0.51,-0.83
2008,6,NaN,9.82,NaN,-3.68
2007,6,NaN,7.88,NaN,-4.31
2010,5,0,11.85,7.26,-0.1
2016,5,NaN,10.8,NaN,-0.51
2008,11,NaN,-19.69,-0.75,-0.12
2012,1,NaN,-26.41,-3.07,-0.27
2006,5,NaN,NaN,-4.48,-8.41
2005,12,0.53,-24.17,-5.06,-2.37
2005,1,0.2,-23.79,-18.49,-13.27
2008,3,0.02,-10.33,-10.05,-6.17
2014,1,0.19,-22.16,-14.41,-9.89
2008,7,NaN,11.54,NaN,-1.35
2008,9,0.05,1.56,0.55,-1.3
2013,1,NaN,-20.62,-1.01,-0.11
2011,3,0.29,-18.18,-14.71,-10.61
2011,4,0.45,-19.58,-13.8,-12.04
2014,4,0,1.1,-1.18,-0.53
2013,9,0,4.69,NaN,-0.39
2013,11,0,-16.76,0.75,-0.61
2006,9,0.07,4.35,1.71,-1.26
2015,2,0.02,-21.55,-16.64,-13.02
2013,5,0,6.13,-1.28,-5.2
2006,1,0.27,-25.81,-15.02,-9.71
2015,2,0.2,-21.55,-14.71,-11.44
2008,7,0,6.32,8.83,-0.17
2014,5,0.12,-2.07,-1.75,-6.58
2014,8,NaN,NaN,NaN,1.02
2007,7,NaN,12.5,5.07,-2.62
2008,6,NaN,10.7,2.45,-4.06
2008,8,0,9.88,7.16,-0.13
2006,2,0.2,-22.8,-17.16,-13.77
2002,6,NaN,NaN,NaN,-1.48
2004,11,0.18,-18.58,-4.04,-0.62
2011,7,NaN,10.21,6.03,-1.98
2009,9,0.14,1.08,NaN,-0.76
2007,7,0,16.91,15.58,-0.28
2015,4,0.51,-13.63,-9.8,-8.68
2005,5,0.35,-4.53,-6.17,-9.67
2014,7,0,11.77,10.75,-0.8
2003,6,NaN,6.96,NaN,-2.23
2006,6,0,NaN,9.36,-2.34
2004,11,0.09,-17.65,-3.06,-1.3
2014,8,0,13,11.52,-0.52
2011,5,0.21,-3.7,-6.46,-9.26
2015,10,NaN,-1.62,-0.01,-0.11
2012,1,0.25,-31.6,-18.61,-12.26
2001,2,0.26,-18.47,-13.12,-10.4
2015,10,NaN,-0.65,NaN,3.63
2014,3,NaN,-9.35,-2.12,-0.31
2000,9,0.01,0.83,1.83,0.26
2004,12,0.11,-24.01,-19.54,-10.12
2015,2,0.46,-17.59,-5.44,-2.97
2007,3,0.34,-24.4,-13.42,-9.93
2013,11,0.06,-14.94,-3.45,-0.81
2008,10,NaN,-10.66,-4.2,0.11
2011,7,0,13.26,11.13,-0.6
2015,6,NaN,9.9,3.76,-2.77
2015,3,0.46,-22.59,-10.6,-8.26
2001,7,NaN,7.52,2.56,-2.86
2012,2,0.41,-25.51,-11.78,-9.39
2013,2,NaN,-12.69,-4.5,-0.7
2006,10,0.04,-4.3,-1.36,-0.95
2011,6,NaN,6.88,1.23,-3.43
2014,3,0.04,-15.35,-12.42,-6.28
2006,1,0.21,-26.87,-11.95,-9.19
2008,11,0.29,-17.77,-2.96,-0.98
2008,12,NaN,-22.27,-9.15,-0.32
2009,4,0.39,-15.61,-13.82,-13.46
2009,4,NaN,-1.38,-4.91,-7.42
2014,2,0.6,-18.95,-4.11,-0.27
2013,3,0.21,-15.82,-10.88,-7.68
2004,4,0.6,-16.45,-12.98,-11.42
2006,11,NaN,-16.51,-15.9,-0.22
2015,6,NaN,10.23,5.36,-2.49
2007,10,0.04,-7.5,-3.53,-0.87
2013,1,0.05,-25.83,-18.02,-10.9
2005,8,NaN,7.91,3.78,-2.84
2014,4,0.33,-15.92,-14.09,-13.17
2015,1,0.39,-22.81,-8.54,-5.52
2007,8,NaN,10.74,NaN,-0.67
2002,5,0.3,-0.9,-3.18,-7
2010,1,0.22,-29.23,-16.4,-11.38
2014,8,0,12.91,NaN,-0.35
2006,12,0.07,-18.85,NaN,-5.59
2008,8,NaN,4.89,4.14,-0.95
2015,9,0.17,-3.44,NaN,-0.55
2008,6,NaN,6.54,2.98,-4.41
2016,5,NaN,6.64,5.19,-0.88
2011,4,NaN,-20.13,-13.24,-11.73
2012,8,NaN,10.23,7.88,1.37
2013,8,NaN,6.69,3.98,-1.43
2012,4,0.29,-16.93,-15.25,-14.25
1999,9,0.04,1.29,1.11,-1.31
2007,6,NaN,7.06,NaN,-4.67
2015,11,0.11,-12.27,NaN,-0.28
2014,1,NaN,NaN,-12.7,-8.65
2007,10,0.03,-6.1,-1.2,-1.2
2014,4,NaN,-0.1,-2.24,-2.64
2007,2,0.17,-16.48,-9.82,-4.95
2012,3,NaN,-14,-7.39,-1.64
2011,10,NaN,-2.54,-1.11,-0.3
2011,10,0.16,-4.63,-0.35,-1.53
2007,5,0.14,1.61,0.04,-4.26
2013,10,0.17,-5.77,-0.18,-0.04
2013,3,NaN,-24.13,-17.58,-13.73
2005,2,0.63,-27.09,-12.57,-8.38
2006,4,0.6,-21.47,-13.45,-11.32
2009,1,NaN,-26.29,-15,-8.55
2003,4,0.27,-12.6,-12.85,-12.72
2009,3,0.47,-29.56,-19.33,-14.5
2007,3,NaN,-21.37,-20.82,-3.76
2013,2,0.05,-31.06,-23,-15.22
2012,6,NaN,7.18,3.29,-3.59
2014,6,0,9.41,8.86,-1.14
2016,5,NaN,1.25,NaN,-4.16
2008,5,0,0.98,4.18,-2.34
2011,6,NaN,5.44,1.38,-3.88
2006,10,0.02,-3.4,-0.86,-1.72
2004,6,NaN,NaN,4.06,-4.61
2016,4,NaN,NaN,NaN,-0.95
2013,12,NaN,-21.61,-1.87,-0.06
2002,5,NaN,-0.29,-1.62,-5.88
2009,10,0.02,-3.87,-0.96,-1.62
2009,8,NaN,6.79,4.19,-1.15
2001,8,NaN,4.39,3.15,-1.93
2010,9,0.03,4.52,3.89,0.94
2006,2,0.44,-19.84,-11.86,-8.81
2012,11,0,-18.39,-5.92,-0.6
2013,4,0.06,-18.14,-16.74,-15.31
2012,11,0.12,-18.87,-2.61,-0.04
2006,10,NaN,-1.71,-0.61,-0.69
2010,5,0.52,-5.52,-7.07,-8.62
2009,9,0,6.23,5.83,0.45
2002,10,0.08,-6.69,-0.2,-1.24
2015,3,0.38,-24.83,-14.83,-12.35
2014,6,NaN,3.45,1.39,-3.28
2008,9,0,5.2,3.43,-0.74
2011,1,NaN,-23.34,-2.26,-0.11
2000,9,0.02,0.21,0.84,-1.43
2012,12,NaN,-28.86,-2.23,-0.1
2013,11,NaN,-14.55,-1.69,-0.04
2013,9,0.1,-0.19,0.82,-1.18
2012,12,0.14,-26.18,-13.56,-7
2010,6,0,13.91,10.78,-0.25
2012,6,0,11.45,6.68,-0.12
2009,7,NaN,11.74,NaN,-1.98
2009,10,0,-2.81,NaN,-0.31
2004,1,0.3,-27.16,-11.55,-8.32
1999,4,0.17,-19.54,-14.89,-13.53
2007,11,0.11,-10.77,-3.96,-2.49
2000,6,NaN,5.48,3.56,-6.59
2014,9,NaN,1.24,0.88,-0.88
2000,10,0.1,-7.88,-0.94,-1.85
2004,4,0.46,-15.53,-14.55,-13.14
2011,6,NaN,5.08,2.49,-3.31
2004,9,0.07,0.36,0.75,-1.28
2010,8,NaN,8.32,5.14,-1.37
2013,11,NaN,-17.02,-2.89,-0.06
1998,11,NaN,-15.57,-3.42,-0.89
1998,10,NaN,-6.81,-0.85,-0.95
2009,11,0.08,-18.69,-9.25,-3.55
2004,10,0.22,-4.66,-0.71,-0.07
2015,3,NaN,-8.09,-1.8,-0.09
2005,3,0.18,-23.53,-15.95,-13.08
2012,4,0.42,-16.25,-13.26,-12.28
2005,8,NaN,NaN,6.06,-1.84
2010,10,0.07,-5.93,-0.79,-1.1
2005,5,0.22,-4.64,-5.13,-10.01
2006,8,0,10.98,10.33,-0.19
2005,7,NaN,11.15,NaN,-0.84
2009,9,0.1,0.76,1.21,-1.14
2000,8,NaN,NaN,5.68,0.42
2008,12,0.34,-19.22,-3.75,-0.07
2010,11,0.18,-7.88,NaN,0.73
2014,11,0,-13.67,NaN,-0.29
2010,6,NaN,4.69,0.46,-4.98
2005,2,0.15,-26.71,NaN,-16
2010,12,NaN,-28.51,-3.39,-0.03
2007,8,0,10.17,NaN,7.1
2004,10,0.18,-7.74,-0.41,-0.02
2014,8,NaN,6.15,4.6,-1.16
2006,11,NaN,-24.6,-24.72,-0.33
2015,2,0.21,-20.17,-14.44,-11.61
2013,6,NaN,8.74,4.24,-3.78
2014,10,NaN,-5.96,-0.93,-0.28
2008,9,0.11,0.05,NaN,-0.96
2008,2,NaN,-28.83,-15.88,-12.44
2014,4,0,0.48,-0.97,-0.4
2015,6,0.03,14.74,NaN,-0.47
2010,4,0.45,-12.83,-14.32,-14.16
2012,7,NaN,12.32,7.18,-2.14
2012,3,NaN,-12.25,-4.76,-2
2003,7,NaN,8.59,3.05,-2.34
2010,7,0,16.07,13.51,0.32
2016,4,NaN,4.79,0.45,-0.07
2001,7,NaN,9.64,4.54,-2.89
2007,5,0.3,-7.82,-9.52,-11.06
2004,9,0.03,0.9,0.79,-1.81
2008,6,NaN,8.98,4.65,-3.82
2014,1,NaN,-8.59,-0.82,-0.22
2002,12,0.17,-21.24,-8.62,-4.55
2009,6,0,14.55,12,-0.68
2002,5,NaN,NaN,NaN,-6.37
2000,3,0.18,-28.48,-16.87,-14.42
2014,11,0.25,-13.91,-3.04,-0.75
2012,8,0,12.62,10.09,0.73
2007,4,0,2.05,-3.77,-8.8
2015,7,0,10.06,NaN,-1.06
2010,5,0.33,-5.7,-7.34,-11.04
2005,3,0.23,-23.39,-19.97,-16.7
2004,7,NaN,12.79,11.77,0.62
2006,8,0,7.6,NaN,6.9
2014,11,0,-12.63,-2.39,-1.63
2005,1,0.25,-24.28,-8.65,-4.62
2006,1,0.1,-13.98,-10.75,-3.39
2012,3,NaN,-14.72,NaN,-3.87
2008,10,0,-11.07,0.23,-0.06
2001,11,NaN,-16.93,-2.03,-0.66
2011,5,0.46,-5.54,-8.11,-10.12
2009,3,NaN,-15.3,-10.84,-9.08
2009,5,0.13,-0.92,-1.63,-4.5
2006,8,NaN,5.39,4.53,-1.29
2015,4,0.23,-8.63,-7.44,-6.97
2006,6,NaN,7.15,4.39,-3.62
2012,8,NaN,8.49,6.32,-2.05
2008,1,0.3,-7.59,-5.68,-1.77
2010,10,0,-4.09,-2.05,-0.29
2006,9,NaN,4.11,3.08,-1.1
2010,11,NaN,-11.89,-1.83,-0.58
2010,5,0,10.85,6.93,-0.27
2002,1,NaN,NaN,-11.67,-8.04
2006,5,0.05,-2.79,-4.71,-9.49
2005,9,0,NaN,2.79,-0.85
2007,9,NaN,-10.82,-6.24,0.76
2004,11,0.11,-17.01,-8.3,-3.64
2013,3,0.27,-24.07,-15.72,-13.4
2001,1,0.12,-22.47,-13.42,-10.96
2009,11,NaN,-18.48,-3.28,-0.01
2009,5,0,9.85,6.3,-0.98
2016,2,NaN,-16.72,-8.07,-2.97
2011,5,0.39,-3.16,-5.55,-7.81
2015,3,0.38,-24.53,-11.92,-10.1
2005,12,0.21,-20.97,NaN,-9.81
2012,6,0,11.46,9.37,-0.69
2014,6,0,13.58,9.33,-0.11
2015,4,0,2.38,-0.06,-0.71
2006,2,0.25,-22.97,-13.81,-11.6
2005,9,NaN,2,1.91,-1.14
2001,3,0.18,-27.19,-23.31,-17.08
2006,5,0.23,3.25,-1.51,-4.75
2000,2,0.43,-26.08,-20.57,-16.24
2007,1,0.13,-27.72,-20.56,-12.82
2005,10,0.06,-6.03,-1.61,-1.75
2014,4,0.22,-13.91,-12.37,-11.42
2009,12,0.1,-21.6,-11.26,-6.1
2009,12,NaN,NaN,NaN,-1.76
2007,3,0.08,-27.11,-23.71,-18.39
2004,9,0.03,-0.66,-0.2,0.08
2012,5,0.43,-5.66,-8.53,-11.05
2004,4,0.5,-15.48,-13.24,-11.66
2007,7,NaN,12.53,NaN,-2.4
2009,12,NaN,-21.36,-7.87,-1.76
2016,3,NaN,NaN,-11.08,-9.06
2008,7,NaN,10.48,NaN,-1.82
2008,12,0.2,-18.52,-6.22,-3.63
2016,7,NaN,12.65,14.17,-0.42
2004,3,0.39,-28.58,-18.57,-15.57
2002,7,NaN,10.54,4.75,-2.14
2013,9,0,-2.07,1.9,-0.66
2009,4,0.52,-15.72,-14.15,-13.25
2013,3,0.23,-24.13,-18.41,-15.41
2011,6,0,12.4,10.07,-0.74
2007,10,NaN,-18.07,-9.18,-0.01
2001,1,0.25,-25.2,-14.47,-9.92
2016,3,NaN,-7.07,-1.4,-0.06
2000,4,0.21,-18.91,-15.46,-14.62
1998,10,NaN,-4.52,-0.78,-1.72
2014,10,0.16,-5.87,-0.35,-0.52
2011,7,0,15.06,12.77,0.03
2010,6,0,14.77,12.06,-0.3
2014,10,0.06,-5.76,-0.41,-0.78
2009,9,NaN,1.34,1.32,-2.13
2013,12,0.18,-19.4,-10.26,-5.64
2004,10,0.03,-6.05,-0.79,-1.65
2016,5,NaN,11.13,4.84,-0.07
2008,10,NaN,NaN,-0.99,-1.76
2010,9,0,6.5,4,1.8
2012,1,0.32,-31.87,-21.49,-12.79
2004,12,0.25,-26.14,-5.18,-0.28
2004,3,0.07,-29.42,-26,-21.75
2008,8,NaN,5.04,5.41,1.5
2010,4,0.33,-12.53,-10.81,-10.55
2007,8,NaN,10.28,9.25,1.8
2009,8,NaN,6.43,NaN,-1
2005,2,0.17,-27.22,-16.63,-13.68
2016,2,NaN,-13.58,-5.3,-0.06
2001,2,0.44,-18.1,-8.85,-7.12
2015,5,0.31,2.39,-2.82,-6.1
2001,12,0.17,-22.74,-10.67,-7.38
2015,9,NaN,4.57,3.46,1.42
2015,1,NaN,-22.58,-3.63,-0.25
2005,11,0.09,-21.21,-9.85,-4.39
2002,1,NaN,NaN,-11.75,-8.31
2010,2,NaN,-17.88,-13.71,-10.07
2014,8,0,3.08,2.86,-1.94
2008,1,0.24,-30.68,-14.42,-9.08
2007,7,NaN,5.46,4.49,-3.4
2012,10,0.18,-5.29,-1.17,4.06
2016,5,NaN,11.01,7.23,-0.29
2006,10,NaN,NaN,-4.04,-0.16
2015,1,0.23,-22.43,-12.51,-8.89
2001,2,0.16,-20.51,-14.53,-12.38
2010,1,0.12,-25.3,-19.21,-13.92
2014,11,NaN,-15.31,-4.4,-0.06
2008,2,NaN,-20.71,-11.09,-1.36
2011,9,0.03,2.74,2.85,0.92
2013,6,NaN,10.46,6.14,-2.14
2000,8,NaN,8.33,2.61,-1.64
2004,7,NaN,9.51,4.22,-2.67
2007,7,0,16.84,12.44,-1.52
2004,10,0.07,-7.82,-0.51,-1.01
2014,11,NaN,-11.92,-2.34,0.04
2010,5,0.4,NaN,-9.11,-10.57
2009,12,0.12,NaN,-11.38,-7.82
2009,4,0.24,-15.98,-16.57,-15.81
1999,8,NaN,8.14,5.9,-1.59
2013,1,0.3,-25.67,-13.99,-8.87
2011,2,0.28,-20.23,-11.12,-8.51
2014,12,0.29,-23.7,-6.41,-2.62
2001,10,0.2,-11.73,-0.07,-1.39
2009,12,0.23,-21.35,-7.89,-4.74
2006,6,NaN,4.05,1.89,-5.81
2011,8,NaN,8.26,6.97,1.24
2003,7,NaN,8.72,2.63,-2.08
2011,3,0.47,-17.59,-10.6,-8.36
2016,5,NaN,NaN,NaN,-0.64
2009,10,NaN,-6.11,-2,-0.03
2009,3,NaN,NaN,-19.24,-14.57
2015,3,0.35,-9.74,NaN,-2.44
2013,1,NaN,-18.97,-6.02,-0.33
2005,3,0.35,-24.18,-14.69,-12.67
2004,8,NaN,9.99,4.4,-1.58
2000,9,0.04,0.41,0.94,-1.53
2013,10,0.06,-4.3,-0.65,-0.87
2004,3,0.42,-28.45,-15.09,-12.62
2008,2,NaN,-53.41,-2.53,-0.41
2007,6,NaN,13.33,NaN,-2.34
2014,3,0.11,-15.66,-10.72,-7.29
2001,10,0.13,-12.87,-0.53,-1.39
2011,3,NaN,-14.1,-6.02,-2.34
2012,9,0,5.94,6.58,-0.33
2000,5,0.45,-8.28,-10.76,-12.9
2011,10,0.09,-6.18,-0.87,-0.53
2004,7,NaN,9.29,6.04,-2.47
2014,2,NaN,-23.11,-3.19,-0.21
2014,8,0,6.8,11.13,-0.75
2005,12,0.2,-20.77,-12.51,-8.63
2015,2,NaN,-15.11,-4.25,-1.08
2007,7,NaN,12.43,NaN,-2.2
2004,7,NaN,6.41,4.12,-3
2010,2,0.23,-24.97,-14.73,-12.22
2010,7,NaN,8.54,7.01,-2.58
2009,11,NaN,-18.95,-9.92,-0.33
2009,1,0.14,-16.17,-11.53,-4.53
2001,2,0.23,-19.9,-14.86,-12.1
2012,11,0,-15.52,-9.28,-0.43
2014,5,NaN,NaN,NaN,-0.12
2013,3,0.29,-24.78,-15.49,-13.4
2013,12,0.03,-14.35,-3.38,-0.37
2005,7,NaN,5.46,NaN,-2.73
2008,8,0,8.01,NaN,6.57
2012,12,0.13,-23.74,-14.35,-7.39
2010,4,0,1.46,0.58,-0.33
2007,9,0,NaN,3.06,-1.73
2005,2,0.44,-21.54,-7.69,-5.15
2011,2,NaN,-21.57,-14.01,-9.92
2007,8,0,14.11,9.59,-1.09
2015,10,NaN,-1.03,-0.22,0.43
2014,9,0.03,1.09,0.77,-1.71
2008,10,0.15,-8.31,-0.85,-0.7
2016,3,NaN,-7.3,-0.42,-0.1
2014,1,0.55,-12.59,-3.08,-0.13
2009,7,NaN,7.31,3.89,-2.16
2003,7,NaN,8.77,4.78,-2.71
2013,12,0.07,-20.72,-8.76,-2.71
2006,3,NaN,-23.96,-23.41,-13.39
2009,12,NaN,-21.23,-1.54,-0.12
2007,2,0.06,-24.74,-21.13,-14.51
2004,5,0.42,-4.86,-7.72,-11.38
2015,11,NaN,-12.69,-3.61,-0.07
2005,4,0.25,-17.39,-16.41,-15.47
2013,4,0.46,-6.47,-3.51,-0.59
2013,8,0,10.79,9.97,-0.78
2015,4,0.11,-14,-13.09,-12.76
2009,10,NaN,-1.67,-0.94,0.26
2007,9,NaN,1.78,NaN,-0.47
2012,9,0.03,3.41,1.97,-0.82
2002,8,NaN,4.72,2.18,-1.63
2010,7,0,15.66,11.9,-0.3
2010,3,0.25,-24.33,-18.21,-14.76
2014,5,0,10.15,5.57,-0.22
2001,2,0.13,-20.17,-13.57,-11.61
2004,3,NaN,-28.8,-22.16,-19.12
2010,2,0.17,-26.04,-16.6,-12.29
2009,4,0.05,-5.49,-6.44,-6.44
2004,12,0.12,-23.16,-16.22,-8.49
2007,10,NaN,NaN,-2.86,-1.61
2002,11,0.1,-14.22,-4.67,-2.76
2012,7,0,15.68,12.02,0.32
2014,7,0,14.53,11.04,-0.32
2000,3,0.15,-25.89,-17.33,-15.13
2012,2,0.24,-25.38,-16.64,-12.34
2008,11,NaN,-18.81,-9.13,-0.33
2008,2,0.72,-15.2,NaN,-0.89
2013,2,0.29,-32.4,-18.08,-12.17
2008,4,NaN,NaN,-13.07,-13.26
2011,3,0.37,-14.97,-9.02,-6.78
2013,12,NaN,-21.16,-7.23,-0.32
2005,2,0.17,-27.15,-15.81,-11.88
2014,10,0.05,-5.64,-0.72,-1.67
2005,11,0.2,-21.63,-4.51,-0.3
2012,2,NaN,-14.28,-7.23,-0.99
2001,11,0.16,-15.71,-2.31,-1.36
2006,1,NaN,NaN,-12.79,-8.99
2014,9,0.02,-0.22,NaN,-0.59
2010,3,0.23,NaN,-16.9,-13.8
2011,6,0,8.92,NaN,1.53
2016,4,NaN,-12.28,-13.08,-12.71
2015,1,0,-15.88,-10.94,-3.26
2012,6,0,15.29,5.64,-1.87
2011,4,NaN,-1.27,-0.09,-0.37
1999,11,NaN,-20.7,-6.5,-3.64
2005,11,0.19,-24.8,-4.72,-1.73
2002,4,0.17,-14.67,-13.1,-12.68
2010,11,NaN,-11.35,-4.42,-0.33
2009,2,0.27,-27.15,-15.43,-10.89
2010,4,0,3.21,0.95,-0.18
2010,4,0.24,-3.76,NaN,-3.23
2008,4,0.22,-13.06,-13.26,-13.37
2006,11,0.3,-16.73,NaN,1.2
2010,12,0.43,-25.55,-5.21,-2.04
2008,3,0.12,-28.44,-19.65,-15.57
2011,9,0.03,2.48,1.93,-1.69
2008,1,0.2,-14.67,-9.62,-2.95
2013,3,0.22,-23.39,-18.55,-15.35
2004,9,0.13,-1.65,0.99,-0.83
2010,8,NaN,8.96,6.95,-1.42
2014,10,0.11,-5.22,-0.08,-1.89
2003,8,NaN,3.9,NaN,-1.01
2011,2,0.51,-15.06,NaN,-2.3
2005,4,0.24,-2.61,-4.59,-3.98
2001,10,0.14,-12.23,-0.3,-1.21
2009,11,NaN,-20.07,-1.08,-0.12
2015,5,0,12.14,NaN,-0.68
2005,4,0.21,-17.13,NaN,-15.55
2007,4,0.28,-13.9,-14.37,-14.47
2005,7,NaN,3.25,3.38,-3.41
2012,6,0,2.19,3.61,-4.89
2005,11,NaN,NaN,-5.82,-3.14
2002,9,0.05,3.1,1.94,-1.36
2015,2,0.36,-21.49,-12.05,-9.51
2013,2,0.21,-31.35,-20.36,-14.45
2011,12,0.2,-26.59,-10.18,-6.42
2013,8,NaN,7.9,5.09,-1.08
2012,12,0.33,-25.57,-12.19,0.5
2003,12,0.24,-24.86,-12.29,-8.08
2011,10,0.21,-5.21,-0.1,-1.9
2009,8,0,NaN,3.87,-2.17
2014,3,0.27,-21.62,-15.09,-12.24
2003,8,NaN,5.54,2.46,-1.4
2008,1,0.15,-28.62,-16.51,-10.34
2012,3,NaN,-33.49,-22.37,-17.32
2010,9,0,5.04,3.07,-0.02
2011,8,0,10.71,8.83,-0.46
2009,1,0.14,-24.31,-13.96,-9.55
2016,1,0.11,-11.05,-4.22,-0.69
2003,12,0.05,-21.96,-18.18,-12.77
2010,10,0.09,-7.04,-1.23,-0.87
2008,10,NaN,-10.5,-4.9,-0.34
2008,9,0,5.64,4.68,0.11
2012,12,0.2,-27.52,-5.5,-0.41
2016,1,0.19,-15.31,NaN,-0.26
2013,5,NaN,-2.84,-7.18,-10.43
2012,12,0,-22.39,-12.09,-4.26
2004,2,0.51,-34.79,-14.15,-11.12
2015,11,NaN,-11.52,NaN,1.68
2011,3,0.3,-21.38,-11.33,-9.53
2006,1,0.14,-25.82,-16.42,-11.78
2006,11,NaN,-25.55,-4.63,0.08
2001,5,NaN,-11.02,-11.75,-12.49
2014,7,0,13.29,11.26,-1.15
2015,11,0.4,-16.88,NaN,-0.53
2008,7,0.03,8.86,NaN,5.04
2003,4,0.18,-13.69,-14.6,-14.23
2016,1,NaN,-13.82,NaN,0.41
2008,5,0,8.52,4.49,-0.22
2014,8,0,13.78,12.52,7.57
2013,6,NaN,6.63,2.01,-4.11
2013,10,0.23,-4.19,-0.06,-1.9
2016,5,NaN,6.06,4.64,-2.43
2014,11,NaN,-11.86,-6.23,1.5
2011,4,0.36,-11.88,-10.43,-9.56
2013,6,0,18.47,NaN,-0.97
2003,7,NaN,10.15,NaN,-0.23
2009,3,0.19,-28.04,-20.97,-15.62
2004,10,0.11,-7.43,-0.21,-1.09
2013,1,NaN,-13.7,-4.16,-0.37
2014,8,0,12.94,10.68,-0.34
2010,10,0.11,-9.77,-0.74,-1.03
2008,10,0.28,-9.23,NaN,-0.75
2001,9,0.04,1.58,1.26,-1.5
2000,10,0.11,-8.98,-1.15,-1.26
2013,1,NaN,-13.77,-4.61,-0.26
2010,12,NaN,-29.43,-9,-1.72
2015,8,0,5.49,NaN,-0.69
2015,8,NaN,11.98,NaN,6.22
2011,1,NaN,-23.9,-12.77,-7.11
2013,5,0.38,-4.79,-7.7,-9.34
2013,10,0,1.35,1.57,3.15
2010,3,0.19,-12.48,NaN,-5.34
2011,6,0,14.77,11.83,-0.64
2015,12,NaN,-20.47,-3.54,-0.58
2007,3,NaN,-22.05,-19.12,-12.92
2001,10,NaN,NaN,-0.53,-1.06
2008,10,0.05,-7.84,NaN,-0.87
2011,11,NaN,-22.17,-2.79,-0.04
1999,3,0.26,-28.37,-18.11,-12.58
2012,6,NaN,4.95,0.84,-5.07
2013,7,0,16.01,11.9,-0.16
2008,5,0,8.92,6.08,-0.85
1999,5,NaN,-3.29,-6.28,-8.54
2013,7,NaN,10.91,6.61,-2.41
2013,4,NaN,-5.66,-3.66,-1.32
2012,10,NaN,-2.81,-0.4,-0.88
2014,5,0.15,-0.84,-1.28,-4.39
2010,2,NaN,-12.96,-3.24,-0.69
2012,9,0.06,1.51,1.36,-1.23
2014,11,0.17,-12.77,-1.93,-1.8
2014,2,NaN,NaN,NaN,-0.01
2002,11,0.05,-12.53,-4.35,-1.53
2000,9,NaN,0.69,1.52,-0.82
2015,7,0,16.25,15.51,-0.89
2002,6,NaN,NaN,0.27,-4.77
2014,8,0,14.26,7.98,-0.79
2012,10,0.04,-2.81,-0.37,-0.85
2015,9,NaN,4.26,3.5,-0.15
2013,8,0,13.78,10.62,-0.44
2009,3,0.49,-23.72,NaN,-7.73
2016,5,NaN,10.45,4.32,-0.11
2008,4,NaN,-53.45,-0.28,-0.8
2006,8,NaN,8.41,5.59,-0.69
2012,5,0,9.02,6,-0.25
2007,5,NaN,NaN,-7.7,-9.34
2008,3,NaN,-9.31,-7.03,-2
2010,2,0.25,-25.87,-13.73,-10.58
2008,4,0.27,-13.64,-13.66,-13.63
2000,12,0.25,-22.98,-10.4,-6.23
2004,8,NaN,7.33,5.1,-2.2
2012,2,0.41,-25.69,-16.98,-13.97
1999,4,0.3,-19.8,-15.36,-12.83
2014,2,NaN,-20.63,-7.21,-0.35
2016,2,NaN,-11.72,NaN,0.11
2011,4,NaN,-1.01,-2.8,-3.62
2015,12,NaN,-19.05,-5.21,-0.05
2004,1,0.28,-27.89,-11.62,-7.35
2007,3,0.34,-19.6,NaN,-5.74
2014,7,NaN,6.1,1.76,-3.02
2014,9,0,6.3,4.78,-0.37
2006,8,NaN,4.91,NaN,-1.16
2012,3,0.46,-32.8,-18.18,-14.02
2014,6,0,1.93,0.97,-3.81
2015,3,0.55,-20.89,-6.36,-4.59
2010,7,NaN,NaN,NaN,-0.85
2012,8,0,11.91,7.68,-0.99
2008,2,0.19,-27.51,-18.25,-13.26
2012,3,0.5,-32.32,-20.26,-15.66
2011,11,NaN,-23.27,-5.72,-0.63
2003,5,0.35,-3.97,-5.01,-7.87
2010,4,0.21,-8.84,NaN,-12.66
2010,3,0.31,-25.58,-21.52,-16.56
2010,11,0.04,-11.57,-2.85,-0.26
2007,1,0,NaN,-22.18,-14.81
2010,11,0.18,-11.13,-0.61,-1.06
2010,2,NaN,NaN,-12.3,-8.12
2002,3,0.18,-19.17,-15.12,-13.62
2009,7,NaN,10.55,6.23,-2.18
2013,4,0.38,-8.11,-5.87,-5.22
2011,11,0.15,-21.12,-3.33,-1.66
2006,10,0.07,-7.21,-1.21,-0.4
2012,5,0,8.8,5.18,-0.17
2013,10,NaN,NaN,NaN,0.05
2006,3,0.09,-14.95,-12.69,-6.42
2006,4,0.1,-6.55,-7.2,-6.21
2006,8,NaN,3.73,3.15,-1.6
2006,12,0.13,-20.02,-8.72,-6.05
2007,3,0.21,-29.34,-21.74,-15.96
2009,3,0.39,-30,-15.75,-12.85
2006,3,0.28,-28.77,-20,-14.59
2004,12,0.18,-24.73,-11.28,-5.71
1999,4,NaN,-20.03,-16.7,-14.93
2015,10,NaN,-2.57,0.71,-0.04
2013,9,0.06,-0.54,0.79,-1.66
2015,7,NaN,16.23,NaN,1.84
2013,12,0.02,-16.39,-2.38,-0.54
2012,11,NaN,-24.11,-5.52,-0.63
2013,11,0.21,-15.9,-0.85,-1.06
2006,6,NaN,5.81,1.73,-4.49
2013,1,NaN,-20.79,-9.24,-6.9
2007,2,NaN,-23.86,-16.8,-9.7
2005,6,NaN,12.71,NaN,-1.41
2015,9,NaN,NaN,0.41,-0.9
2011,12,0.12,-23.86,-16.08,-9.47
2010,4,NaN,NaN,-10.97,-10.46
2001,10,NaN,NaN,-2.21,-1.96
2009,9,0,6.39,4.27,-0.06
2010,6,0,14.82,NaN,-0.78
2011,7,NaN,7.5,3.17,-3.3
2007,9,0.05,3.31,1.4,-1.41
2016,3,0.22,-8.23,NaN,-0.96
2003,3,0.11,-25.68,-17.21,-13.73
2013,1,NaN,-20.04,-4.34,-1.34
2003,10,0.13,-5.27,-0.1,-0.83
2007,9,0,4.13,NaN,6.17
2009,1,0.36,-25.42,-10.46,-5.89
2010,10,0.09,-7.34,-1.58,-0.56
2010,2,0.19,-24.22,-17.1,-13.55
2014,9,0,6.55,6.59,7.14
2005,9,NaN,1.63,1.8,-0.45
2011,3,0.27,-22.01,-14.58,-12.05
2006,1,0.35,-26.27,-8.65,-4.38
2001,12,NaN,-23.26,-6.2,-1.73
2007,3,0.04,-29.9,-22.24,-18.54
2005,6,NaN,2.83,NaN,-5.43
2004,8,NaN,10.23,9.12,2.29
2006,11,0.14,-16.96,-5.33,-2.33
2011,4,0.19,-1.33,-3.38,-4.96
2013,3,NaN,-13.47,-3.54,-0.61
2015,4,0.07,-7.74,-7.29,-7.82
2012,6,NaN,8.04,2.5,-3.83
2011,11,0.23,-22.49,-3.4,-0.6
2004,10,0.16,-8.71,-0.24,-1.27
2001,4,0.18,-17.28,-17,-16.22
2010,1,0.21,-23.7,NaN,-8.93
2011,10,0.07,-5.44,-0.14,-0.99
2005,1,0.33,-19.13,-14.25,-10.8
2015,1,0.09,-19.87,-5.68,-1.33
2004,2,0.53,-33.88,-13.67,-9.47
2009,6,NaN,1.75,2.13,-4.52
2000,11,0.22,-20.05,-1.62,-0.96
2014,4,0.19,-0.85,NaN,-2.86
2009,10,0,-1.18,NaN,2.98
2012,3,NaN,-15.26,-12.66,-9.33
2012,10,NaN,-6.54,-2.43,-0.32
2015,5,NaN,NaN,-0.57,-5.74
2007,4,0.12,-14.04,-13.5,-14.5
2010,12,0.29,-25.27,-8.27,-3.68
2003,11,0.24,-16.27,-0.4,-0.75
2001,11,NaN,-18.88,-2,-1.26
2008,8,NaN,4,NaN,-0.98
2011,9,0.07,2.45,1.81,-1.13
2008,10,0.16,-8.52,-0.85,-0.04
2015,5,NaN,2.89,-2.24,-6.8
1999,12,NaN,-30.02,-16.31,-10.23
2013,11,0.26,-16.22,-1.01,-0.05
2015,3,NaN,-10.5,-5.75,-3.68
2014,9,0.1,0.86,0.71,-0.88
2011,7,NaN,5.88,4.18,-2.91
2007,1,NaN,-21.4,-5.62,-1.87
2015,7,NaN,10.14,8.99,0.36
2009,1,0.08,-27.6,NaN,-9.06
1999,2,NaN,-28.08,-14.34,-9.8
2015,7,NaN,6.39,2.71,-2.78
2005,4,0.23,-17.14,-14.08,-12.86
2000,9,0.02,-0.28,0.17,-1.69
2011,11,0.22,-23.52,-2,-0.03
2005,6,NaN,4.42,NaN,-4.83
2013,8,0,13.3,11.12,-0.31
2009,3,0.21,-30,-20.13,-15.26
2014,12,NaN,NaN,NaN,-0.09
2008,2,NaN,NaN,-19.7,-13.68
2006,9,0.06,4.81,1.93,-1.16
2007,11,NaN,NaN,-1.16,-0.12
2005,7,0,7.12,9.17,-1.02
2016,4,NaN,NaN,-10.13,-9.33
2009,7,0,17.51,10.87,-1.36
2007,7,0,8.81,11.53,-0.42
2007,1,0.12,-26.4,-17.88,-12.95
2013,11,NaN,NaN,-2.02,-0.92
2012,6,0,15.58,10.72,-0.69
2010,8,NaN,6.17,4.63,-2.29
2012,6,NaN,3.42,1.4,-5.33
2006,6,NaN,7.23,2.98,-4.07
2011,8,0,NaN,4.9,-2.03
2011,1,0.27,-24.91,-13.93,-9.45
2012,5,0.22,-5.05,-6.13,-10.05
2009,9,0.09,1.25,1.27,-1.19
2001,2,0.42,-19.75,-16.97,-13.79
2006,9,NaN,4.16,2.51,-0.68
2006,12,NaN,-18.83,-19.03,-0.32
2011,4,0.46,-19.63,-11.3,-9.09
2014,11,0.22,-11.15,-1.56,-1.01
2013,2,0.26,-32.43,-19.99,-12.76
2001,1,0.4,-23.9,-9.47,-6.25
2014,1,0.31,-23.31,-9.03,-5.63
2006,2,0.11,-22.33,-14.86,-11.62
2011,9,0.11,1.77,1.72,-0.82
2009,11,NaN,-19.8,-4.15,-0.6
2015,5,0,-1.02,-2.34,-7.37
2006,8,NaN,4.91,NaN,-1.43
2014,3,0.28,-22.22,-17.07,-13.61
2006,11,NaN,NaN,-16.51,-0.21
2009,3,0.08,-15.19,-12.3,-6.16
2012,5,0,5.74,4.22,-0.91
2013,5,0.08,-4.72,-7.42,-11.2
2009,3,0.44,-29.1,-15.12,-10.75
2015,7,NaN,4.5,4.19,-2.44
2014,11,NaN,-15.54,-3.65,-0.63
2009,4,0.59,-5.47,NaN,-1.91
2013,3,0.15,-23.94,-16.3,-13.58
2016,1,NaN,-13.41,-1.41,-0.04
2009,1,0.41,-27.4,-12.67,-8.41
2010,3,0.36,-24.4,-18.69,-15.4
2014,11,0.23,-13.87,-2.07,-1.34
2016,3,0.15,-18.1,-9.58,-6.04
2008,4,0.3,-12.94,-12.81,-13.04
2009,5,0.26,-1.01,-2.6,-8.92
2001,4,0.18,-17.9,-14.73,-14.08
2015,4,NaN,-13.88,-11.92,-11.29
2011,9,0,6.24,4.73,-0.35
1999,11,NaN,-20.26,-9.55,-4.49
2010,12,NaN,-26.68,-6.71,-3.84
2009,12,NaN,-22.11,-4.85,-0.73
2002,5,0.1,-3.26,-4.07,-7.81
2005,5,0.09,6.81,1.7,-3.28
2012,1,0.41,-15.19,-11.08,-0.19
2012,4,0,2.36,NaN,-2.86
2000,7,NaN,9.77,5.06,-2.86
1998,12,NaN,-21.21,-13.14,-6.6
2007,10,NaN,NaN,-0.01,-0.06
2015,10,0.27,-9.56,NaN,-0.54
2014,8,NaN,6.36,3.06,-1.6
2008,6,NaN,8.69,2.64,-4.9
1998,10,NaN,-4.63,-0.93,-1.1
2008,5,0,-53.35,1.81,-0.36
2008,6,0,14.28,12.74,-0.55
2007,2,0.44,-14.91,NaN,-2.73
2001,7,NaN,NaN,8.37,-0.62
2010,10,0.1,-5.42,-0.23,-1.03
2015,6,NaN,8.7,1.72,-3.37
2000,10,0.08,-9.83,-0.67,-0.06
2012,8,0,12.33,9.93,-0.38
2002,11,0.11,-14.9,-0.83,-0.89
2007,12,0.08,-18.65,-14.63,-7.37
2013,10,0,0.62,NaN,-0.34
2009,9,NaN,1.28,1.62,-0.63
2014,1,0.1,-8.36,-2.4,-0.35
2007,1,NaN,-15.11,-2.58,-0.12
2014,3,NaN,NaN,NaN,-0.04
2011,8,NaN,6.28,3.6,-2.51
2011,9,0,7.79,7.37,3.49
2009,3,0.7,-13.85,NaN,-1.42
2009,10,NaN,NaN,-0.07,-0.41
2007,6,0,15,9.17,-0.32
2010,5,0.31,-5.75,-8.86,-10.32
2015,9,NaN,3.96,3.06,-0.07
2014,8,NaN,5.68,3.45,-1.1
2007,6,NaN,7.22,NaN,-4.75
2014,7,NaN,9.63,3.68,-1.86
2000,5,0.45,-8.38,-9.86,-10.91
2010,12,0.22,-25.87,-9.44,-4.65
2013,4,NaN,-7.88,-9.04,-8.43
2005,5,0.15,-4.6,-7.9,-10.31
2011,12,0.23,-25.32,-13.81,-7
2012,10,0.14,-3.52,-0.39,-0.53
2016,1,0.12,-18.35,-14.36,-10.99
2012,12,0.05,-25.18,-12.92,-4.51
2014,10,NaN,-5.96,-0.93,-0.28
2014,5,NaN,NaN,-0.54,-5.69
2009,2,NaN,-18.22,-10.41,-1.85
2015,5,0.18,-1.29,-4.39,-7.68
2010,8,NaN,NaN,NaN,-0.51
2005,5,0.01,4.72,5.94,-0.98
2005,2,0.32,-27.72,-13.85,-10.86
2010,4,0.29,-12.16,-12.07,-11.55
2012,2,0.36,-25.71,-14.09,-11.84
2011,5,0.21,-4.04,-5.03,-7.1
2016,7,NaN,15.3,16.33,-0.88
2007,3,0.04,-27.76,-22.53,-17.87
2013,5,0.56,-4.86,-6.83,-9.14
2015,8,0.03,11.46,NaN,-0.31
2000,12,0.11,-22.56,-12.05,-7.98
2000,7,NaN,7.13,4.51,-3.15
2012,3,0.36,-33,-16.24,-12.09
2005,8,NaN,9.44,8.52,0.94
2012,4,0.55,-15.8,-12.85,-11.51
2007,1,0.07,-28.28,-15.76,-9.75
2011,10,0.11,-1.74,-0.33,3.34
2015,4,0.43,-14.78,-11.63,-10.73
2001,9,0,1.94,2.49,-0.77
2007,12,NaN,-20.27,-2.9,-0.11
2015,6,0,4.09,3.44,-3.91
2015,6,NaN,14.87,10.73,-0.35
2014,1,NaN,-8.54,-1.94,-0.14
2007,6,0,10.22,NaN,2.21
2008,12,0.08,-18.02,NaN,-4.57
2015,10,0,-1.81,NaN,-0.27
2005,9,0.1,1.05,0.99,-1.44
2003,1,0.2,-25.41,-11.26,-8.39
2012,11,0.3,-16,-0.89,-1.75
2013,7,0,16.61,12.66,-0.56
2015,6,NaN,7.45,2.69,-3.23
2009,1,0.31,-28.22,-10.72,-4.98
2006,6,NaN,10.46,6.1,-1.85
2013,2,0,-21.85,-12.39,-8.71
2013,2,0.28,-33.31,-16.31,-12.43
2011,2,0.28,-20.68,-9.17,-5.6
1998,9,NaN,1.88,1.24,-0.95
2002,2,0.19,-29.73,-19.48,-15.45
2015,5,0,3.33,NaN,-3.63
2003,1,0.1,-19.27,-13.99,-9.4
2009,12,0.19,-9.7,NaN,-1.17
2014,2,0.3,-24.59,-11.78,-8.48
2014,10,0,-4.62,-0.24,-1.57
2012,4,NaN,-16.04,-16.81,-16.5
2008,6,NaN,4.68,3.03,-4.92
2009,3,NaN,-15.4,-1.33,-0.16
2009,7,0,17.19,12.23,-0.22
2007,5,0.18,-7.82,NaN,-10.89
2007,12,NaN,-20.04,-4.49,0.1
2008,11,0.08,-17.47,NaN,-0.94
2015,7,NaN,9.41,5.48,-1.58
2014,9,0,1.33,0.96,-1.68
2009,4,0.49,-9.85,NaN,-7.93
2013,3,0.17,-21.96,-18.2,-15.41
2014,4,0.35,-14.32,-10.63,-9.7
2012,6,0,14.84,7.23,-0.15
2009,9,0,7.04,5.6,-0.37
2006,12,0.07,-21.41,-12.14,-7.34
2015,9,0.02,3.99,NaN,-0.28
2013,3,0.4,-24.14,-13.76,-10.72
2015,3,0.21,-19.97,-9.66,-6.71
2012,10,NaN,-7.42,-1.04,-0.06
2001,10,NaN,NaN,-0.55,-0.07
2006,1,0.04,-27.05,-13.72,-9.35
2003,2,0.08,-23.5,-17.11,-12.15
2002,10,NaN,NaN,-0.29,-1.8
2010,11,0.26,-10.96,-1.08,-1.8
2000,3,NaN,-26.74,-12.93,-9.96
2010,9,0.02,2.52,2.2,-1.83
2015,7,NaN,15.76,13.81,-0.31
2005,1,0.24,-12.67,-8.99,-1.76
2001,2,0.1,-19.32,-13.6,-11.79
2005,11,NaN,-24.51,-17.94,-0.99
2004,2,0.3,-34.93,-18.18,-13.95
2011,5,0,10.02,0.72,-3.53
2013,10,0.13,-5.05,-0.07,-1.03
2010,3,NaN,-12.84,-2.53,-0.19
2007,12,0.23,-21.38,-7.86,-4.69
2013,11,0.24,-16.29,-1.35,-0.52
2002,12,0.12,-18.88,-7.79,-5.54
2014,5,0.18,-2.76,-1.74,-7.47
2005,6,NaN,5.92,1.44,-4.33
2010,3,0.33,-27.56,-14.47,-11.2
2014,12,0.24,-21.79,-8.91,-4.87
2012,1,NaN,-32.28,NaN,-0.54
2001,3,0.28,-27.89,-16.46,-12.1
2014,2,0.31,-21.63,NaN,-0.38
2012,5,0.38,-4.92,-7.26,-11.75
2006,12,0.17,-19.65,-10.88,-6.41
2012,7,NaN,10.53,3.92,-3.32
2009,11,0.11,-20.34,-10.11,-2.19
2010,7,0,15.74,13.5,-0.55
2014,9,0.07,0.72,0.32,-1.24
1999,12,0.04,-31.19,-22.55,-11.8
2011,3,NaN,-12.27,-3.18,-0.43
2013,5,0.39,-7.74,-9.28,-10.88
2008,3,0.28,-29.47,-17.97,-14.38
1999,3,NaN,-28.02,-15.23,-13.14
2011,12,0.38,-25.54,-7.38,-2.9
2013,5,0,6.87,2.25,-0.27
2002,1,NaN,NaN,-19.38,-13.65
2002,6,NaN,3.29,0.08,-3.62
2004,2,0.06,-33.03,-26.32,-19.53
2014,3,0.34,-21.86,-13.99,-11.72
2004,2,0.43,-33.68,-13.17,-9.27
2011,11,0.1,-16.18,-10.52,1.39
2009,11,NaN,-22.6,-8.25,-0.16
2005,9,0.08,0.49,0.72,-1.94
2011,9,0,6.46,4.97,-0.05
2009,3,0.56,-30.54,-16.11,-13.15
2003,5,0.27,-4.41,-6.14,-8.15
2011,7,0,14.99,13.74,-0.43
2008,3,0.27,-31.14,-19.36,-15.19
2006,11,0.14,-17.41,-2.04,-0.93
2010,9,0,5.25,2.38,-0.72
2004,10,0.08,-5.25,-0.39,-2.16
2015,3,NaN,-24.57,-16.26,-13.23
2004,8,NaN,7.55,6.88,-2.28
1999,5,NaN,-4.11,-5.21,-8.31
2010,1,0.23,-28.81,-13.07,-8.53
2013,7,0,11.65,7.66,-1.42
2011,9,NaN,2.74,1.53,-2.12
2015,1,NaN,NaN,-7.84,-5.09
2012,1,0.19,-32.72,-17.52,-10.22
2004,4,0.27,-18.09,-16.27,-15.48
2003,10,0.16,-4.56,-0.14,-0.69
2001,11,0.19,-20.33,-2.99,-1.48
2014,1,NaN,-22.27,-11.96,-8.12
2011,8,NaN,6.84,3.89,-1.44
2012,7,0,15.21,11.6,-0.5
2005,11,0.05,-22.59,-6.31,-2.18
2015,6,0,10.52,NaN,-1.71
2010,1,0.17,-13.28,NaN,-2.82
2001,11,NaN,NaN,-0.67,-0.98
2013,12,0.24,-20.01,-7.32,-3.22
2000,10,0.09,-9.36,-0.59,-1.43
2009,7,0,18.12,14.16,-0.54
2013,5,0,5.36,1.58,-1.2
2007,5,NaN,-7.7,-6.67,-9.37
2008,4,0.88,-6.18,NaN,-1.35
2013,2,0.15,-28.75,-22.02,-15.48
2000,7,NaN,6.54,NaN,-3.33
2015,4,NaN,-11.58,-11.73,-11.76
2008,7,0,NaN,4.12,-2.79
2011,1,NaN,-25.32,-11.38,-8.14
2006,2,0.39,-18.96,-11.37,-8.7
2005,1,NaN,-24.55,-13.86,-11.03
2003,8,NaN,4.34,2.15,-1.93
2008,12,0.14,-18.64,-10.01,-6.49
2007,10,0.03,-6.48,-0.96,-1.41
2016,1,NaN,NaN,-9.18,-6.76
2006,12,0.14,-19.89,-10.03,-5.94
2011,6,0,15.06,12.93,-0.85
2012,8,0,11.07,7.95,-1.28
2011,7,NaN,8.6,4.86,-2.02
2010,12,0.14,-25.02,-9.03,-3.32
2011,1,NaN,-22.78,-4.24,-0.23
2015,12,NaN,NaN,-7.4,-3.49
2013,6,NaN,NaN,1,-4.92
2010,1,0.08,-12.85,-11.12,-4.71
2014,9,0,21.59,1.77,-0.78
2006,5,0.28,-4.08,-8.85,-11.04
2007,6,NaN,2,1.54,-5.88
2014,1,0.38,-21.3,-8,-4.29
2010,1,0.2,-27.98,-17.32,-11.76
2005,11,0.09,-23.15,-4.78,-3.12
2007,8,NaN,7.18,5.5,-1.36
2009,10,0.18,-6.85,-0.13,-1
2008,8,NaN,4.61,3.38,-2.5
2005,5,0.33,-2.84,-6.74,-10.66
2014,5,0.39,-2.38,-4.15,-7.71
2003,8,NaN,NaN,3.65,-1.63
2009,2,NaN,NaN,-17.74,-13.24
2006,6,0.02,6.27,8.98,-1.17
2008,2,0.38,-1.22,-0.38,-0.83
2007,4,0.14,-4.06,-7.03,-6.86
2013,12,NaN,-19.69,-1.62,-0.04
2012,1,0.41,-33.36,-8.72,-4.31
2007,4,0.3,-13.84,-11.97,-11.5
2014,5,0.35,-0.38,-0.43,-3.21
2006,2,NaN,NaN,-12.92,-10.53
2014,8,NaN,6.68,6.12,0.83
2008,5,0.23,-3.82,-7.08,-10.93
2012,1,NaN,-31.83,-12.59,-0.32
2011,10,NaN,-3.74,-1.65,-0.03
2015,5,0,12.77,4.78,-0.08
2012,12,0,-19.87,-14.25,-3.33
2016,1,NaN,-18.43,-5.43,-1.01
2010,6,NaN,5.02,2.06,-3.89
2006,6,NaN,6.39,2.86,-3.87
2009,4,0.34,-15.45,-12.73,-12.36
2009,1,0.41,-20.55,NaN,-7.57
2010,2,0.16,-15.53,NaN,-4.83
2006,6,NaN,8.6,NaN,-2.11
2012,5,0,8.28,NaN,-1.16
2015,4,0,2.12,NaN,-1.66
2001,12,0.16,-21.29,-9.28,-5.47
2009,10,0,-3.44,0.5,-0.02
2013,10,0.22,-4.39,-0.06,-1.03
2013,7,NaN,12.8,9.73,0.09
2012,3,NaN,-15.42,-1.4,-0.14
2005,11,0.14,-22.03,-8.44,-4.22
2009,6,NaN,7.86,NaN,-1.02
2011,6,NaN,2.93,0.91,-4.31
2008,9,0.02,0.14,1.11,0.5
2009,11,0.14,-19.98,-5.8,-2.41
2004,8,NaN,8.12,4.88,-1.69
2009,8,NaN,6.61,5.44,-1.16
2009,7,0,17.8,11.2,-0.4
2006,6,NaN,8.56,2.06,-3.85
2010,1,0.27,-29.58,-10.77,-5.9
2009,12,NaN,-19.67,-9.06,-0.32
2014,2,0.34,-24.53,-10.74,-7.78
2008,2,0.2,-28.4,-21.68,-15.27
2007,1,0.1,-27.5,-21.79,-14.5
2001,11,NaN,NaN,-2.29,-0.08
2009,11,NaN,NaN,NaN,-0.34
2008,12,0.34,-17.51,-4.62,-2.21
2012,4,0.23,-15.2,-14.9,-14.88
2005,11,0.17,-24.43,-6.25,-2.3
2004,11,0.15,-17.73,-8.06,-4.05
2011,4,0.32,-20.28,-14.86,-12.63
2011,1,0.26,-24.23,-12,-8.37
2015,3,NaN,NaN,-11.55,-8.98
2013,9,0,NaN,1.4,-1.08
2013,3,NaN,-13.75,-6.14,-1.68
2015,1,NaN,-19.14,-3.16,-0.26
2007,10,0.04,-9.63,-2.75,-0.04
2012,8,0,11.9,8.52,-0.17
2005,3,0.18,-23.59,-16.84,-14.81
2005,6,NaN,NaN,4.09,-3.89
2012,10,NaN,-6.98,-0.66,-0.67
2002,7,NaN,NaN,3.03,-3.16
2012,12,NaN,-26.41,-11.74,-4.23
1998,9,NaN,3.29,2.02,-0.58
2006,8,0,5.53,6.44,0.24
2012,6,NaN,6.09,2.49,-4.52
2006,9,0.04,4.02,2.33,-1.01
2012,8,NaN,9.53,4.68,-1.51
2013,10,NaN,NaN,-0.22,-0.97
2006,2,0.4,-18.25,-9.83,-7.07
2005,2,0.33,-26.29,-17.4,-13.6
2014,10,0.09,-5.47,-0.4,-1.6
2008,3,0.31,-30.23,-17.29,-12.84
2011,5,0,7.85,5.46,-1.03
2010,12,0.36,-27.02,-6,-2.16
2012,6,NaN,4.01,0.19,-5.15
2010,3,0.28,-26.12,-15.05,-11.91
2013,9,0.06,-0.06,1.52,0.49
2007,12,0.22,-13.68,-6.74,-0.95
2007,8,NaN,10.36,4.6,-1.71
2006,5,0.19,-3.45,-6.45,-9.21
2005,4,0.42,-15.8,-12.96,-11.43
2014,7,0,14.96,12.74,4.21
2009,9,0,3.21,1.63,0.46
2014,10,0.13,-5.43,-0.11,-1
2010,10,0.02,-2.81,-0.77,3.35
2011,12,0.18,-25.93,-11.25,-4.73
2010,3,NaN,-11.14,-8.1,-2.38
2008,9,0,5.94,4.83,-0.36
2006,4,0.12,-19.55,-16.39,-15.41
2009,5,0.26,2.29,NaN,-4.06
2011,12,0.18,-26.32,-12.85,-5.28
2007,4,0.13,-14.31,-13.82,-14.35
2015,6,NaN,13.85,10.5,-0.61
2003,6,NaN,5.73,4.12,-3.71
2003,10,0.17,-5.18,-0.11,-1.15
2002,7,NaN,6.16,2.18,-2.29
2010,7,0,15.25,12.59,-0.2
2014,7,NaN,7.18,4.86,-1.97
2013,8,0,14.04,10.58,0.23
2015,7,0,4.45,4.72,-2.32
2009,12,NaN,-17.78,-2.63,-0.06
2004,12,0.33,-22.02,-3.01,-0.69
2003,9,NaN,0.09,0.3,-0.75
2011,11,0.26,-22.98,-2.18,-0.86
2007,2,0.09,-26.83,-17.98,-13.75
2008,12,NaN,NaN,-11.09,-7.41
2008,4,0.02,-4.92,-4.02,-5.56
2000,10,0.08,-9.63,-0.74,-1.62
1999,7,NaN,9.41,6.32,-2.65
2000,4,NaN,-17.73,-12.16,-10.56
2015,12,0.13,-19.08,-3.11,-0.41
2016,4,NaN,-4.36,-1.8,-1.3
2007,4,0.36,-6.56,-9.5,-9.15
2013,8,NaN,7.56,6.08,-0.84
2010,7,NaN,6.07,3.56,-3.45
2014,3,0.36,-11.63,NaN,-2.12
2004,9,0.06,0.44,0.95,-1.16
2006,12,NaN,-19.43,-3.06,-0.11
2011,12,NaN,-16.81,-6.23,-2.08
2010,8,NaN,9.52,5.01,-1.46
2002,6,NaN,5.34,3.03,-3
2001,12,NaN,NaN,-14.77,-9.77
2011,1,0.31,-19.83,-11.1,-6.09
2015,4,NaN,NaN,-10.02,-9.36
2009,2,0.36,-27.49,-14.89,-11.76
2000,10,0.12,-10.18,-0.15,-1.04
2008,9,0.13,-0.61,NaN,-0.78
2006,4,0.33,-20.99,-16.89,-15.27
2015,4,0,1.92,-1.07,-2.49
2004,11,0.13,-16.06,-7.31,-1.49
2003,8,NaN,5.68,2.93,-1.64
2006,1,0.16,-26.05,-14.35,-10.84
2006,4,0.28,-19.32,NaN,-16.28
2007,10,NaN,-6.56,-3.28,-0.32
2000,6,NaN,3.53,0.25,-7.37
2000,7,NaN,8.56,2.94,-2.58
2004,12,0.1,-24.88,NaN,-10.49
2012,1,NaN,-32.51,-15.45,-7.32
2005,3,0.2,-23.1,-20.87,-17.1
2014,1,NaN,NaN,NaN,-0.02
2012,5,0.28,-5.83,-7.3,-10.7
2005,6,0,NaN,6.36,-3.2
2007,4,0.06,NaN,-14.17,-14.86
2013,8,NaN,6.59,5.16,-1.24
2010,10,NaN,-5.05,-0.94,-0.62
2006,9,0,9.1,8.13,-0.14
2003,1,NaN,NaN,-17.61,-11.86
2014,2,0.24,-22.88,-13.49,-8.93
2012,10,0.06,-2.35,-0.3,-1.51
1999,5,NaN,-5.49,-8.15,-11.38
2005,9,0.02,3.28,2.11,0.53
2003,7,NaN,10.09,3.98,-2.36
2012,3,0.4,-32.81,-19.54,-15.52
2000,12,0.18,-22.14,-16.81,-9.99
2000,6,NaN,8.68,0.85,-4.99
2005,12,0.18,-22.02,-12.45,-9.06
2003,9,0.02,-0.68,0.4,-1.31
2001,4,0.26,-17.87,-14.98,-13.97
2013,6,NaN,4.12,2.43,-5.17
2012,2,NaN,-11.09,-3.53,-0.88
2010,10,0.1,-9.12,-0.35,-0.87
2003,4,0.19,-13.16,-14.04,-13.64
2008,7,NaN,9.7,6.88,-2.01
2010,5,0.01,5.54,NaN,-0.48
2008,8,NaN,4.63,2.8,-1.52
2013,1,0.26,-26.83,-12.19,-8.39
2006,8,NaN,3.68,3.41,-2.64
2006,8,NaN,2.35,2.96,-2.26
2003,9,NaN,0.17,0.32,-1.62
2008,4,0,-2.21,0.02,-0.16
2005,11,0.14,-24.04,-6.68,-3.57
2000,4,NaN,-17.56,-13.18,-11.57
2010,6,0,14.23,8.79,-1.86
2004,10,0.44,-8.32,-0.29,-0.76
2009,10,NaN,-3.39,-0.76,-0.03
2009,11,NaN,-18.04,-2.89,-0.29
2009,10,0.06,-4.59,-1.02,-1.04
2015,4,0.36,-14.6,-13.38,-12.65
2012,9,0.07,2.62,1.36,-1.09
2011,3,0.37,-22.69,-14.35,-11.72
2005,8,NaN,9.18,4.45,-1.81
2015,4,0.24,-11.73,-11.41,-11.41
2011,10,0,-4.42,-1.35,-0.29
2016,3,NaN,-5.79,NaN,-0.07
2011,8,0,12.16,10.35,-0.41
2012,4,0,1.56,-2.71,-3.57
2008,3,0.19,NaN,-21.04,-15.11
2014,1,0.26,-23.48,-7.57,-2.91
2011,6,0,14.59,6.88,-2.06
2012,8,0,10.98,7.24,0.71
2009,5,0,9.14,2.17,-3.39
2010,12,NaN,-26.72,-5.43,-0.24
2005,6,NaN,2.24,0.75,-4.41
2012,7,0,14.77,11.96,0.14
2003,12,0.27,-24.55,-8.72,-4.93
2010,3,NaN,NaN,NaN,-8.69
2008,12,0.25,-19.24,-7.96,-4.36
2008,3,0.82,-9.95,NaN,-1.4
2012,3,0.24,-30.71,-20.58,-15.67
2014,7,0,13.71,11.27,-0.53
2003,11,0.15,-18.18,-4.5,-2.59
2007,6,NaN,9.57,1.89,-4.84
2012,3,0.54,-6.32,-4.74,-0.63
2004,3,0.54,-27.43,-14.71,-11.38
2012,12,NaN,-28.99,-11.76,-4.81
2005,10,NaN,NaN,-2.23,-0.79
2011,9,0,6.32,5.23,0.81
2015,7,NaN,8.31,3.59,-2.08
2009,6,NaN,6.34,3.79,-2.71
2008,7,NaN,11.73,NaN,1.51
2004,6,NaN,7.1,1.89,-4.87
2009,11,NaN,-19.8,-2.37,-0.01
2010,6,0,10.98,9.64,-0.63
2013,11,0,-9.29,-3.04,-0.4
2006,4,NaN,-20.01,-16.85,-13.5
2008,3,0.2,-28.85,-19.89,-14.85
2014,11,0.1,-12.32,-5.5,-2.23
2012,6,NaN,6.16,1.54,-4.65
2000,12,0.38,-21.45,-14,-8.87
2012,3,0.53,-33.12,-15.22,-11.15
2009,10,0.14,-5.1,-0.15,-0.99
2015,12,0.18,-19.31,NaN,-0.28
2007,4,0.22,-14.08,-14.58,-15.1
2010,10,0.14,-7.39,-1.95,-0.83
2007,2,NaN,-21.8,-21.44,-10.28
2011,1,0.17,-21.79,-6.18,-1.24
2010,9,0.07,2.2,2.04,-0.97
2008,5,0.27,-4.33,-7.18,-10.33
2003,11,0.27,-17.5,-1.35,-0.68
2011,1,NaN,-18.85,-5.09,-0.18
2005,1,0.59,-22.49,-7.94,-4
2010,10,0.15,-4.6,-0.37,-1.65
2005,12,NaN,-22.91,-18.17,-5.74
2007,8,0,8.87,10.01,0.24
2013,10,0,1.71,0.89,-0.45
2011,5,0.33,-4.9,-6.82,-8.67
2007,9,0.12,3.2,2.31,-0.88
2014,5,0.13,-2.17,-2.74,-6.56
2012,1,NaN,-31.56,-3.22,-0.06
2011,11,0.14,-22.83,-5.79,-0.83
2014,6,0,9.22,8.61,-1.74
2011,2,0.27,-21.5,-14.74,-11.68
2008,9,0.07,0.36,0.74,-0.99
2009,10,0.08,-4.93,-2.38,-0.79
2016,3,NaN,-22.38,-16.23,-12.88
2015,12,0.08,-23.88,-14.71,-8.79
2008,8,NaN,3.84,3.68,-2.12
2012,11,0.15,-16.87,-1.36,-0.79
2000,1,NaN,-25.6,-17.37,-13.55
2011,2,NaN,-22.28,-12.57,-10.28
2011,2,NaN,-21.28,-5.91,-2.85
2015,5,0.24,0.29,-2.75,-6.55
2011,8,NaN,7.6,5.16,-1.19
2012,3,0.48,-16.11,-7,-4.81
2012,6,0,15.4,6.78,-0.7
2002,1,0.25,-29.7,-12.14,-8.73
2014,8,NaN,4.65,1.95,-2.39
2009,11,0.04,-21.4,-6.71,-1.57
2013,11,0.17,-14.48,-4.33,-1.6
2012,3,0.2,-32.52,-20.63,-16.21
2000,7,NaN,4.68,3.59,-3.62
1999,12,NaN,-28.97,-19.94,-11.31
2014,4,0.3,-15.66,-13.43,-12.76
2010,8,NaN,8.99,5.79,-1.38
2014,10,0.06,-6.09,-0.4,-0.04
2004,5,0.25,-4.8,-7.48,-11.08
2014,6,NaN,3.8,1.37,-3.03
2008,2,0.2,-29.78,-18.83,-14.34
2006,10,0,-1.93,1.2,0.22
2001,3,0.47,-27.74,-11.83,-8.65
2007,6,NaN,2.63,0.74,-6.14
2002,10,0.08,-5.44,-1.01,-1.01
2008,4,0.24,-13.07,-13.59,-14.73
2016,3,NaN,-7.25,-2.97,-1.41
2012,10,NaN,-6.29,-0.5,1.16
2005,7,NaN,8.16,5.01,-2.43
2008,8,0,10.32,9.44,0.04
2013,4,NaN,-7.77,-5.15,-4.24
2012,7,NaN,8.55,5.98,-3.02
2014,5,0.16,-3.25,-2.76,-7.27
2008,7,NaN,11.19,NaN,-1.84
2007,4,NaN,NaN,-12.95,-12.07
2007,1,NaN,-21.86,-15.69,-8.75
2008,7,0,14.41,9.13,-1.3
2010,5,0.47,-6.74,-9.15,-11.31
2007,2,NaN,NaN,-21.8,-10.33
2010,2,0.28,-25.26,-20.18,-15.02
2004,3,0.47,-28.37,-20.35,-16.38
2013,10,0.03,-4.93,-0.37,-0.87
2002,8,NaN,5.09,3.71,-1.78
2006,5,0.15,NaN,-3.84,-9.14
2006,11,0.09,-18.63,-6.34,-1.47
2000,8,NaN,6.17,3.21,-1.89
2001,4,0.41,-17.83,-16.95,-15.72
2014,6,NaN,1.47,0.95,-3.99
2003,3,NaN,NaN,-20.88,-16.61
2006,5,0.35,-2.92,-5.6,-8.55
2009,9,NaN,1.19,1.81,-0.89
2008,11,NaN,-19.59,-4.66,-0.58
2013,7,NaN,11.93,8.41,-1.65
2005,11,0.33,-23.61,-3.97,-1.45
2010,5,0.21,-5.93,-7.36,-9.9
2011,5,NaN,-5.55,-7.38,-10.7
2013,8,0,13.27,NaN,-0.46
2012,5,0.26,-5.01,-8.61,-10.82
2009,8,NaN,7.06,5.17,-0.85
2004,5,0.48,-3.78,-6.71,-9.44
2007,11,0.18,-14.16,-4.42,-1.95
2010,7,0,15.57,9.33,-1.3
2007,12,0.2,-20.4,-9.1,-4.74
2005,5,0.22,-5.04,-9.04,-11.09
2000,11,0.09,-20.1,-3.14,-0.07
2014,11,0.12,-12.59,-3.51,-1.76
2015,6,NaN,6.57,0.64,-3.86
2015,7,0,15.7,13.04,-1.17
2015,3,0.38,-24.06,-13.22,-11.49
2000,6,NaN,NaN,5.15,-3.61
1998,10,NaN,-6.26,-0.13,-0.84
2009,2,0.33,-27.15,-15.32,-11.32
2014,8,NaN,6.11,4.8,-0.77
2003,1,0.22,-23.18,-11.76,-8.01
2008,4,NaN,-2.06,-1.73,-2.73
2015,9,NaN,4.99,NaN,6.38
2002,4,0.29,-15.83,-12.74,-11.82
2014,1,0.03,-11.53,-5.03,-1.61
2012,5,0,7.8,4.54,-0.15
1998,12,0.11,-20.57,-9.36,-6.28
2010,11,0.15,-11.59,-1.99,-0.85
2014,4,0.61,-9.8,-6.27,-5.58
2007,1,0.21,-27.9,-15.88,-10.41
2009,9,0,NaN,1.17,-1.83
2010,12,0.36,-16.77,NaN,0.06
2013,4,0.29,-19.09,-15.93,-14.59
2004,11,0.11,-17.26,NaN,-2.48
2015,3,0.19,-24.17,-17.15,-13.34
2014,5,0,3.94,3.5,-2.5
2003,12,0.19,-22.84,-12.67,-7.66
2012,9,0,5.34,5.28,1.48
2009,11,0.03,-13.97,-8.9,-0.47
2011,1,0.27,-19.66,-11.81,-0.15
2014,8,0,4.29,3.12,-1.99
2002,9,0.04,3.35,1.42,-1.33
2008,3,0.36,-28.33,-14.55,-11.05
2009,5,0.27,-2.85,-4.78,-8.73
2000,1,NaN,-25.47,-19.55,-15.02
2006,12,0.2,-20.64,-5.98,-2.46
2004,8,NaN,9.61,NaN,-0.78
2011,2,0.35,-22.11,-16.08,-12.31
2010,12,0.22,-27.38,-11.43,0.57
2011,2,NaN,-19.36,-4.37,-0.21
2016,1,0.4,-10.51,-0.9,-0.25
2002,4,0.16,-13.27,-12.93,-12.17
2003,1,0.09,-24.86,-13.35,-9.33
2005,5,0.76,-3.94,-6.54,-8.5
2010,1,NaN,-27.71,-3.18,-0.11
2005,7,0,NaN,8.16,-1.8
2001,9,NaN,NaN,0.93,-2.09
2008,11,0.2,-16.54,-5.73,-2.32
2010,8,NaN,9.22,6.44,-1
2015,7,NaN,6.8,3.38,-1.88
2003,4,0.59,-11.01,-9,-8.19
2009,4,0.47,-14.78,-15.39,-14.76
2014,10,0,-4.35,-0.21,-0.47
2010,8,NaN,8.01,4.53,-1.62
2012,5,0,8.24,NaN,-1.05
2015,3,0.04,-18.2,-10.6,-7.51
2008,3,0,9.56,8.78,-0.27
2008,11,0.27,-15.78,-0.64,-1
2003,9,NaN,NaN,0.58,-1.33
2008,11,NaN,NaN,-7.15,-3.47
2013,5,0.3,-5.36,-9.13,-11.43
2003,9,0.01,0.16,0.38,-1.99
2012,7,NaN,11.03,4.72,-2.57
2007,3,0.16,-20.88,-14.1,-7.01
2008,6,NaN,6.88,3.81,-4.17
2001,7,0,NaN,11.07,-2.4
1999,11,0.06,-20.77,-10.33,-3.46
2009,7,NaN,NaN,NaN,-0.96
2007,1,0.08,-28.51,-16.21,-11.43
2000,1,NaN,-25.39,-11.62,-7.85
2011,12,NaN,-16.52,NaN,-0.03
2004,1,0.23,-24.47,-14.8,-10.54
2009,7,NaN,12.51,4.85,-2.06
2009,5,0,2.45,4.39,-2.88
2015,1,NaN,-20.39,-1.83,-0.04
2010,9,NaN,2.5,3.03,-0.39
2012,4,0.43,-16.52,-18.05,-17.01
2011,12,NaN,-15.7,-6.43,-0.31
2007,10,0.04,-8.48,-1.19,-0.94
2015,4,0.48,-14.34,-12.81,-12.07
2007,12,NaN,-19.41,-11.1,-0.32
2006,8,0,5.83,7.08,0
2013,2,NaN,-19.7,-1.29,-0.12
2013,10,0.15,-4.65,-0.11,-0.8
2014,3,0.3,-16.89,-17.71,-14.1
2008,4,0.42,-11.27,-11.06,-10.74
2015,3,0.02,-23.18,-16.4,-13.27
2009,11,0.06,-19.76,-6.62,-2.72
2013,11,0.14,-13.87,-4.51,-1.98
2010,1,NaN,-27.17,-5.56,-0.62
2014,3,0.3,-23.03,-14.01,-11.65
2013,3,NaN,-15.09,-6.57,-4.13
2012,9,0,6.2,4.85,-0.34
2007,11,0.04,-14.04,NaN,-1.07
2006,7,0,NaN,10.66,-0.36
2009,1,NaN,NaN,-16.02,-10.85
2007,10,0.05,-8.5,-2.24,-0.73
1999,8,NaN,5.49,3.9,-2.29
2012,12,0.15,-25.93,-8.76,-3.91
2007,4,0.25,-13.61,-13.98,-14.15
2013,11,0.2,-14.64,-0.96,-1.76
2008,9,0.09,1.15,0.88,-2.17
2010,3,0.25,-25.14,-15.6,-13.21
2012,10,0.08,-3.6,-0.39,-1.11
2001,10,0.08,-13.15,-2.38,-1.28
2014,4,NaN,-0.86,-1.51,-0.28
2009,1,0.34,-24.18,NaN,-5.31
2008,6,0,14.11,9.21,-1.91
2009,8,0,11.12,9.76,-0.43
2007,11,0.13,-10.42,-4.05,-2.4
2016,5,NaN,-2.49,-3.42,-7.86
2004,8,NaN,8.89,7.86,-1.68
2014,5,0,9.95,4.33,-0.17
2003,12,0.18,-23.13,-12.46,-8.51
2010,9,0.05,4.55,2.06,-1.22
2015,7,NaN,15.24,12.71,-0.05
2010,11,0.13,-12.08,-2.13,-1.12
2014,9,0,5.36,3.91,-0.16
2006,4,0.15,-20.81,-15.2,-13.4
2012,11,NaN,-20.94,-5.69,-0.17
2008,3,NaN,-10.92,-5.55,-3.4
2008,4,NaN,-2.13,-3.88,-6.87
2013,10,0.14,-4.47,-0.46,-1.07
2008,1,0.09,-30.4,NaN,-8.68
2014,9,0,4.53,2.84,-0.1
2004,5,0.2,-5.01,-9.12,-13.57
2005,10,0.04,-7.68,-2.2,-1.07
2001,9,NaN,NaN,1.01,-1.23
2010,8,0,14.07,11.78,-0.42
2001,6,0,NaN,7.19,-4.96
2005,7,NaN,7.24,NaN,-2.04
2010,1,NaN,NaN,-8.56,-3.29
2001,3,0.1,-28.44,-17.87,-14.8
2004,3,0.23,-28.82,-19.63,-16.38
1999,9,NaN,0.37,0.86,-1.9
2005,8,NaN,8.5,NaN,-1.13
2011,4,NaN,-19.41,-15.67,-13.58
2009,10,0.03,NaN,-1.25,-1.72
2001,6,NaN,NaN,5.12,-3.37
2014,2,0.31,-25.06,-12.83,-9.87
2009,2,NaN,-19.41,-2.22,-0.13
2010,4,0,0.41,0,-0.18
2010,6,0,10.92,7.24,-0.11
2005,1,0.18,-23.78,-19.56,-13.4
2008,1,0.14,-30.07,-15.19,-10.72
2004,6,NaN,3.84,0.9,-5.31
2002,9,NaN,3.07,1.73,-1.42
2014,12,0.06,-23.35,-15.22,-5.91
2012,11,0.17,-15.39,-2.74,-1.44
1999,5,NaN,-4.49,-5.95,-10.73
2003,2,0.35,-26.49,-14.38,-10.36
2013,12,0.25,-21.26,-3.16,-0.04
2008,1,NaN,NaN,-18.87,-11.06
2012,2,0.46,-23.46,-13,-9.85
2008,11,0.19,-16.23,-7.47,-1.78
2002,2,NaN,-24.88,-13.43,-9.26
2012,10,0,-6.64,2.12,-0.32
2008,10,0.22,-9.97,-0.2,-1.07
2004,3,0.07,NaN,-25.05,-21.27
2013,4,0.14,-18.17,-14.07,-13.16
2013,1,0.39,-28.02,-10.18,-5.61
2014,8,NaN,6.13,4.16,-1.11
2010,8,NaN,9.66,3.72,-1.66
2010,3,0.19,-26.37,-18.36,-13.74
2011,7,0,11.28,7.5,-1.43
2004,9,0.04,-0.72,0.67,-1.14
2015,4,0.36,-14.09,-11.82,-11.3
2012,7,NaN,10.08,8.13,-2.63
2011,10,0.09,-6.12,-0.8,-0.81
2012,9,NaN,2.46,1.8,-0.61
2013,1,NaN,-27.34,-15.77,-9.31
2001,12,NaN,NaN,-3.4,-1.56
2012,12,0.36,-26.57,-5.36,-1.56
2005,3,0.41,-14.65,-7.58,-5.89
2003,11,0.32,-15.83,-0.63,-0.89
2008,1,0.15,-25.16,NaN,-8.97
1999,10,NaN,-8.52,-1.49,-1.71
2011,1,NaN,-19.05,-5.72,-0.39
2005,9,0.05,1.92,1.34,-1.36
2014,7,NaN,7.3,3.92,-1.77
2011,9,0.06,2.35,1.44,-1.08
2003,10,0.03,-3.79,-1.44,-1.63
1998,9,NaN,3.05,1.79,-1.92
2007,6,NaN,7.7,0.31,-5.8
2000,9,0.06,0.41,0.83,-2.04
2014,4,0.32,-15.74,-12.73,-11.64
2011,6,0,14.62,11.55,-0.33
2014,8,NaN,5.08,2.45,-1.36
2012,2,0.23,-25,-18.12,-14.38
2001,9,0.06,1.49,1.38,-1.46
2004,8,NaN,10.08,7.87,-1.48
2014,3,0.51,-19.67,-10.36,-8.2
2006,9,0,3.06,1.94,0.09
2006,12,NaN,NaN,-19.59,-1.95
2005,10,0.1,-7.06,NaN,-1.2
2009,5,0.07,4.29,NaN,-0.54
2008,12,0.28,-19.42,-7.86,-5.52
2012,9,0,5.74,3.08,-0.78
2008,5,NaN,NaN,-6.85,-10.22
2008,5,0.11,-3.6,NaN,-9.03
2012,7,NaN,13.39,5.19,-2.38
2015,1,0.22,-19.09,-12.57,-8.39
2006,12,0.1,-20.54,-13.66,-8.28
2009,8,NaN,7.02,3.39,-1.43
2006,12,0.09,-18.24,-11.57,-7.72
1999,2,0.24,-28.79,-17.72,-11.58
2008,5,0.35,-4.95,-7.06,-10.92
2006,4,0.43,-20.77,-14.88,-13.61
2015,2,0.06,-21.87,-18.02,-13.44
2014,12,0.2,-23.53,-4.14,-0.21
2001,12,NaN,-25.19,-6.9,-3.79
2012,9,0,7.15,5.13,1.95
2011,3,NaN,-16.33,-12.21,-10.18
2012,10,0,-1.58,-1.33,-0.49
2013,9,0,3.89,2.72,-0.81
2014,9,0,5,NaN,-0.3
2014,11,NaN,-15.59,-2.06,-0.27
2013,2,0.15,-30.42,-16.44,-12.4
2003,3,0.2,-26.28,-16,-13.47
2011,3,0.31,-13.01,NaN,-4.2
2004,1,0.5,-26.48,-9.83,-6.42
2004,2,0.07,NaN,-27.12,-19.69
2011,4,0.58,-19.57,-14.01,-11.77
2011,12,NaN,-16.84,-0.72,-0.11
2013,12,0.49,-19.62,-6.06,0.21
2007,7,NaN,12.76,NaN,0.24
2013,8,0,12.73,10.04,-0.46
2007,2,0.16,-26.69,-15.62,-12.82
2015,11,NaN,NaN,-1.66,-0.81
2012,3,0.41,-32.95,-16.4,-13.31
2011,8,0,11.86,11.06,-0.13
2006,12,0.2,-20.27,-11.9,-5.56
2012,4,0.45,-15.74,-14.7,-13.83
2005,9,0,1.93,2.29,-0.08
2008,12,0.19,-18.55,-11.56,-6.74
2011,10,0,-3.53,0.51,0.08
2011,4,NaN,-0.54,-1.9,-1.78
